,DropDown,Type,SubType,TableName,Source,Usage,Action,AbilityName,Effect
,,,,,,,,,
,,,,,,,,,
,,,,,,,,,
Header,DropDown,Type,Sub,Table Name,Source,Usage,Action,Power,Effect
,"Bard (Musical Rogue) Powers - Bardic BluffвљЎ (1-Enc, P) вћЎ Mindрџ‘ЃпёЏ social roll with Advantage",Power,Class,Bard (Musical Rogue) Powers,DB,1-Enc,P,Bardic Bluff,Mindрџ‘ЃпёЏ social roll with Advantage
,"Bard (Musical Rogue) Powers - Battle RhythmвљЎ (1-Enc, P) вћЎ Mindрџ‘ЃпёЏ; ally Nishрџљ©+2",Power,Class,Bard (Musical Rogue) Powers,DB,1-Enc,P,Battle Rhythm,Mindрџ‘ЃпёЏ; ally Nishрџљ©+2
,"Bard (Musical Rogue) Powers - Counter-CharmвљЎ (1-Enc, P) вћЎ Cancel Charm or fearon an ally (MagicвњЁ)",Power,Class,Bard (Musical Rogue) Powers,DB,1-Enc,P,Counter-Charm,Cancel Charm or fearon an ally (MagicвњЁ)
,"Bard (Musical Rogue) Powers - Cutting WordsвљЎ (1-Enc, P) вћЎ Next roll vs target Atk+2",Power,Class,Bard (Musical Rogue) Powers,DB,1-Enc,P,Cutting Words,Next roll vs target Atk+2
,"Bard (Musical Rogue) Powers - Discordant ChordвљЎ (1-Enc, A) вћЎ MagicвњЁ Atk all foes nearby d4 Dmgрџ’Ґ",Power,Class,Bard (Musical Rogue) Powers,DB,1-Enc,A,Discordant Chord,MagicвњЁ Atk all foes nearby d4 Dmgрџ’Ґ
,"Bard (Musical Rogue) Powers - DuetвљЎ (1-Enc, A) вћЎ AllyвЂ™s next action has Advantage if acting with you",Power,Class,Bard (Musical Rogue) Powers,DB,1-Enc,A,Duet,AllyвЂ™s next action has Advantage if acting with you
,"Bard (Musical Rogue) Powers - Echo VerseвљЎ (1-Day, A) вћЎ Repeat last spell cast nearby at half effect (MagicвњЁ)",Power,Class,Bard (Musical Rogue) Powers,DB,1-Day,A,Echo Verse,Repeat last spell cast nearby at half effect (MagicвњЁ)
,"Bard (Musical Rogue) Powers - Flair SoloвљЎ (1-Enc, P) вћЎ Target gains next roll +2",Power,Class,Bard (Musical Rogue) Powers,DB,1-Enc,P,Flair Solo,Target gains next roll +2
,"Bard (Musical Rogue) Powers - Healing HymnвљЎ (1-Enc, A) вћЎ Restore 1d6 Vitвќ¤пёЏ to an ally",Power,Class,Bard (Musical Rogue) Powers,DB,1-Enc,A,Healing Hymn,Restore 1d6 Vitвќ¤пёЏ to an ally
,"Bard (Musical Rogue) Powers - Hypnotic PerformanceвљЎ (1-Enc, A) вћЎ Mindрџ‘ЃпёЏ or target is Stunned 1 rnd",Power,Class,Bard (Musical Rogue) Powers,DB,1-Enc,A,Hypnotic Performance,Mindрџ‘ЃпёЏ or target is Stunned 1 rnd
,"Bard (Musical Rogue) Powers - Inspiring TuneвљЎ (1-Enc, A) вћЎ Allies next rolls have Advantage",Power,Class,Bard (Musical Rogue) Powers,DB,1-Enc,A,Inspiring Tune,Allies next rolls have Advantage
,"Bard (Musical Rogue) Powers - Legendary EncoreвљЎ (1-Day, F) вћЎ Target (self or ally) reroll one failed roll",Power,Class,Bard (Musical Rogue) Powers,DB,1-Day,F,Legendary Encore,Target (self or ally) reroll one failed roll
,"Bard (Musical Rogue) Powers - LullabyвљЎ (1-Enc, A) вћЎ Mindрџ‘ЃпёЏ or target is Asleep",Power,Class,Bard (Musical Rogue) Powers,DB,1-Enc,A,Lullaby,Mindрџ‘ЃпёЏ or target is Asleep
,"Bard (Musical Rogue) Powers - Mocking VerseвљЎ (1-Enc, A) вћЎ Monster Nishрџљ©-4; if Nishрџљ©=0, target flees",Power,Class,Bard (Musical Rogue) Powers,DB,1-Enc,A,Mocking Verse,"Monster Nishрџљ©-4; if Nishрџљ©=0, target flees"
,"Bard (Musical Rogue) Powers - Piercing NoteвљЎ (1-Enc, A) вћЎ MagicвњЁ Atk vs object or sunders",Power,Class,Bard (Musical Rogue) Powers,DB,1-Enc,A,Piercing Note,MagicвњЁ Atk vs object or sunders
,"Bard (Musical Rogue) Powers - Rally SongвљЎ (1-Day, A) вћЎ Allies in earshot Atk+1 for Encounter",Power,Class,Bard (Musical Rogue) Powers,DB,1-Day,A,Rally Song,Allies in earshot Atk+1 for Encounter
,"Bard (Musical Rogue) Powers - Rhythm StepвљЎ (1-Rnd, M) вћЎ Target's Stealth; MRрџ‘Ј+2 this rnd",Power,Class,Bard (Musical Rogue) Powers,DB,1-Rnd,M,Rhythm Step,Target's Stealth; MRрџ‘Ј+2 this rnd
,"Bard (Musical Rogue) Powers - Sneaky SerenadeвљЎ (1-Enc, P) вћЎ Target's Stealth has Advantage",Power,Class,Bard (Musical Rogue) Powers,DB,1-Enc,P,Sneaky Serenade,Target's Stealth has Advantage
,"Bard (Musical Rogue) Powers - Sonic DaggerвљЎ (1-Rnd, A) вћЎ MagicвњЁ Atk d6 Dmgрџ’Ґ",Power,Class,Bard (Musical Rogue) Powers,DB,1-Rnd,A,Sonic Dagger,MagicвњЁ Atk d6 Dmgрџ’Ґ
,"Bard (Musical Rogue) Powers - Street ShowвљЎ (1-Day, F) вћЎ Perform in downtime; earn 1d6 Silver or MinorрџЌє info",Power,Class,Bard (Musical Rogue) Powers,DB,1-Day,F,Street Show,Perform in downtime; earn 1d6 Silver or MinorрџЌє info
,"Blade Saint (Martial Artist) Powers - Ascend the PeaksвљЎ (1-Day, M) вћЎ Teleport up to 6sq if terrain is vertical stone",Power,Class,Blade Saint (Martial Artist) Powers,DB,1-Day,M,Ascend the Peaks,Teleport up to 6sq if terrain is vertical stone
,"Blade Saint (Martial Artist) Powers - Ascetic AgilityвљЎ (1-Enc, M) вћЎ Climb or leap up to MRрџ‘Ј with MotionрџЏѓ checks at Advantage this rnd",Power,Class,Blade Saint (Martial Artist) Powers,DB,1-Enc,M,Ascetic Agility,Climb or leap up to MRрџ‘Ј with MotionрџЏѓ checks at Advantage this rnd
,"Blade Saint (Martial Artist) Powers - Balance of SteelвљЎ (1-Enc, P) вћЎ Nishрџљ©+2 for 1 rnd",Power,Class,Blade Saint (Martial Artist) Powers,DB,1-Enc,P,Balance of Steel,Nishрџљ©+2 for 1 rnd
,"Blade Saint (Martial Artist) Powers - Blade ParryвљЎ (1-Enc, F) вћЎ On being Melee Hit; auto succeed at a weapon a Blockрџ›ЎпёЏ (up to Max Block of 12)",Power,Class,Blade Saint (Martial Artist) Powers,DB,1-Enc,F,Blade Parry,On being Melee Hit; auto succeed at a weapon a Blockрџ›ЎпёЏ (up to Max Block of 12)
,"Blade Saint (Martial Artist) Powers - Breath ControlвљЎ (1-Enc, P) вћЎ For 1 rnd, ResistвњЁ vs Afflictionsрџ’Ђ at Advantage",Power,Class,Blade Saint (Martial Artist) Powers,DB,1-Enc,P,Breath Control,"For 1 rnd, ResistвњЁ vs Afflictionsрџ’Ђ at Advantage"
,"Blade Saint (Martial Artist) Powers - Combat Stance ShiftвљЎ (1-Enc, F) вћЎ Switch stance; Atkвљ”пёЏ+1 or Def+1 until next rnd",Power,Class,Blade Saint (Martial Artist) Powers,DB,1-Enc,F,Combat Stance Shift,Switch stance; Atkвљ”пёЏ+1 or Def+1 until next rnd
,"Blade Saint (Martial Artist) Powers - Crushing LotusвљЎ (1-Day, A) вћЎ This attack gains Atkвљ”пёЏ+2 and Dmgрџ’Ґ+2",Power,Class,Blade Saint (Martial Artist) Powers,DB,1-Day,A,Crushing Lotus,This attack gains Atkвљ”пёЏ+2 and Dmgрџ’Ґ+2
,"Blade Saint (Martial Artist) Powers - Cyclone KickвљЎ (1-Rnd, A) вћЎ On hit; MotionрџЏѓ Atkвљ”пёЏ knocks target back d4sq",Power,Class,Blade Saint (Martial Artist) Powers,DB,1-Rnd,A,Cyclone Kick,On hit; MotionрџЏѓ Atkвљ”пёЏ knocks target back d4sq
,"Blade Saint (Martial Artist) Powers - Defiance StanceвљЎ (1-Day, A) вћЎ For 1 rnd; ARрџ§Ґ+2, Dmgрџ’Ґ+2",Power,Class,Blade Saint (Martial Artist) Powers,DB,1-Day,A,Defiance Stance,"For 1 rnd; ARрџ§Ґ+2, Dmgрџ’Ґ+2"
,"Blade Saint (Martial Artist) Powers - Flurry of BlowsвљЎ (1-Enc, A) вћЎ Multi-Atkвљ”пёЏ with katarsвљ”пёЏ; each Dmgрџ’Ґ at вЂ“1d",Power,Class,Blade Saint (Martial Artist) Powers,DB,1-Enc,A,Flurry of Blows,Multi-Atkвљ”пёЏ with katarsвљ”пёЏ; each Dmgрџ’Ґ at вЂ“1d
,"Blade Saint (Martial Artist) Powers - Herbal PoulticeвљЎ (1-Enc, P) вћЎ Heal 1 Vitвќ¤пёЏ using herbs",Power,Class,Blade Saint (Martial Artist) Powers,DB,1-Enc,P,Herbal Poultice,Heal 1 Vitвќ¤пёЏ using herbs
,"Blade Saint (Martial Artist) Powers - Iron Body MeditationвљЎ (1-Enc, P) вћЎ Ignore Wndрџ©ё penalties (Unconscious & Death Check) for 1 rnd",Power,Class,Blade Saint (Martial Artist) Powers,DB,1-Enc,P,Iron Body Meditation,Ignore Wndрџ©ё penalties (Unconscious & Death Check) for 1 rnd
,"Blade Saint (Martial Artist) Powers - Lotus FocusвљЎ (1-Enc, P) вћЎ Gain Adv on next Atkвљ”пёЏ roll",Power,Class,Blade Saint (Martial Artist) Powers,DB,1-Enc,P,Lotus Focus,Gain Adv on next Atkвљ”пёЏ roll
,"Blade Saint (Martial Artist) Powers - Lotus MantraвљЎ (1-Enc, F) вћЎ Rally allies; nearby gain Nishрџљ©+1 this rnd",Power,Class,Blade Saint (Martial Artist) Powers,DB,1-Enc,F,Lotus Mantra,Rally allies; nearby gain Nishрџљ©+1 this rnd
,"Blade Saint (Martial Artist) Powers - Monastic VowвљЎ (1-Day, F) вћЎ Gain LuckрџЌЂ+1 once per Day",Power,Class,Blade Saint (Martial Artist) Powers,DB,1-Day,F,Monastic Vow,Gain LuckрџЌЂ+1 once per Day
,"Blade Saint (Martial Artist) Powers - Mountain StepвљЎ (1-Enc, M) вћЎ Move double MRрџ‘Ј over rough terrain",Power,Class,Blade Saint (Martial Artist) Powers,DB,1-Enc,M,Mountain Step,Move double MRрџ‘Ј over rough terrain
,"Blade Saint (Martial Artist) Powers - Pressure Point StrikeвљЎ (1-Enc, A) вћЎ On hit; target ResistвњЁ or Stunned 1 rnd",Power,Class,Blade Saint (Martial Artist) Powers,DB,1-Enc,A,Pressure Point Strike,On hit; target ResistвњЁ or Stunned 1 rnd
,"Blade Saint (Martial Artist) Powers - River Stone PatienceвљЎ (1-Day, F) вћЎ Reroll one failed roll (self or ally)",Power,Class,Blade Saint (Martial Artist) Powers,DB,1-Day,F,River Stone Patience,Reroll one failed roll (self or ally)
,"Blade Saint (Martial Artist) Powers - Steel Lotus CounterвљЎ (1-Enc, F) вћЎ After a successful Blockрџ›ЎпёЏ; make 1 immediate Atkвљ”пёЏ",Power,Class,Blade Saint (Martial Artist) Powers,DB,1-Enc,F,Steel Lotus Counter,After a successful Blockрџ›ЎпёЏ; make 1 immediate Atkвљ”пёЏ
,"Blade Saint (Martial Artist) Powers - Twin Katar SweepвљЎ (1-Enc, A) вћЎ Atkвљ”пёЏ with both katars; if both hit, target prone",Power,Class,Blade Saint (Martial Artist) Powers,DB,1-Enc,A,Twin Katar Sweep,"Atkвљ”пёЏ with both katars; if both hit, target prone"
,"Blade Saint (Martial Artist) Powers - Unbending SteelвљЎ (1-Day, A) вћЎ On hit; target Atkвљ”пёЏ rolls Dis for 1 rnd",Power,Class,Blade Saint (Martial Artist) Powers,DB,1-Day,A,Unbending Steel,On hit; target Atkвљ”пёЏ rolls Dis for 1 rnd
,"Cursed Spartan Powers - Blood Debt StrikeвљЎ (1-Enc, A) вћЎ On hit; ignore targetвЂ™s Armor; Dmgрџ’Ґ+2",Power,Class,Cursed Spartan Powers,DB,1-Enc,A,Blood Debt Strike,On hit; ignore targetвЂ™s Armor; Dmgрџ’Ґ+2
,"Cursed Spartan Powers - Blood Oath RecallвљЎ (1-Enc, F) вћЎ After crit; normal GMрџ”Ћ effect and regain 1 spent (#-Enc) usage",Power,Class,Cursed Spartan Powers,DB,1-Enc,F,Blood Oath Recall,After crit; normal GMрџ”Ћ effect and regain 1 spent (#-Enc) usage
,"Cursed Spartan Powers - Bronze DisciplineвљЎ (1-Enc, F) вћЎ Reroll one failed Mightрџ’Є roll",Power,Class,Cursed Spartan Powers,DB,1-Enc,F,Bronze Discipline,Reroll one failed Mightрџ’Є roll
,"Cursed Spartan Powers - Cursebound DefianceвљЎ (1-Day, F) вћЎ Cancel 1 condition on self (Stunned/Weakened)",Power,Class,Cursed Spartan Powers,DB,1-Day,F,Cursebound Defiance,Cancel 1 condition on self (Stunned/Weakened)
,"Cursed Spartan Powers - Cursebrand SurgeвљЎ (2-Enc, P) вћЎ Take 1 Dmgрџ’Ґ; Atk+2 this rnd",Power,Class,Cursed Spartan Powers,DB,2-Enc,P,Cursebrand Surge,Take 1 Dmgрџ’Ґ; Atk+2 this rnd
,"Cursed Spartan Powers - Defensive StanceвљЎ (1-Rnd, P) вћЎ Def+1 this rnd",Power,Class,Cursed Spartan Powers,DB,1-Rnd,P,Defensive Stance,Def+1 this rnd
,"Cursed Spartan Powers - Echo of the FallenвљЎ (2-Enc, A) вћЎ On hit; summon spectral ally to auto-hit same target for d6 Dmgрџ’Ґ",Power,Class,Cursed Spartan Powers,DB,2-Enc,A,Echo of the Fallen,On hit; summon spectral ally to auto-hit same target for d6 Dmgрџ’Ґ
,"Cursed Spartan Powers - Formation RallyвљЎ (1-Enc, M) вћЎ Move to ally; that ally heals 1 Vitвќ¤пёЏ",Power,Class,Cursed Spartan Powers,DB,1-Enc,M,Formation Rally,Move to ally; that ally heals 1 Vitвќ¤пёЏ
,"Cursed Spartan Powers - Ghost PhalanxвљЎ (1-Day, F) вћЎ Adjacent allies ARрџ§Ґ+1 as spectral shields form for encounter",Power,Class,Cursed Spartan Powers,DB,1-Day,F,Ghost Phalanx,Adjacent allies ARрџ§Ґ+1 as spectral shields form for encounter
,"Cursed Spartan Powers - Last StandвљЎ (1-Day, A) вћЎ If reduced to negative Vitвќ¤пёЏ; act normally until end of rnd",Power,Class,Cursed Spartan Powers,DB,1-Day,A,Last Stand,If reduced to negative Vitвќ¤пёЏ; act normally until end of rnd
,"Cursed Spartan Powers - LinebreakerвљЎ (1-Enc, M) вћЎ Move MRрџ‘Ј through foes; each must Blockрџ›ЎпёЏ (Mightрџ’Є) or fall Prone",Power,Class,Cursed Spartan Powers,DB,1-Enc,M,Linebreaker,Move MRрџ‘Ј through foes; each must Blockрџ›ЎпёЏ (Mightрџ’Є) or fall Prone
,"Cursed Spartan Powers - Names of the FallenвљЎ (1-Day, P) вћЎ Speak shieldвЂ™s names; allies in earshot next Nishрџљ©+2",Power,Class,Cursed Spartan Powers,DB,1-Day,P,Names of the Fallen,Speak shieldвЂ™s names; allies in earshot next Nishрџљ©+2
,"Cursed Spartan Powers - Oathbound FuryвљЎ (2-Enc, A) вћЎ If your Wounds в‰Ґ half Vitвќ¤пёЏ; Atk+2 this rnd",Power,Class,Cursed Spartan Powers,DB,2-Enc,A,Oathbound Fury,If your Wounds в‰Ґ half Vitвќ¤пёЏ; Atk+2 this rnd
,"Cursed Spartan Powers - Phalanx AdvanceвљЎ (1-Day, AM) вћЎ Move with shield raised; allies in 2sq gain ARрџ§Ґ+1 this rnd",Power,Class,Cursed Spartan Powers,DB,1-Day,AM,Phalanx Advance,Move with shield raised; allies in 2sq gain ARрџ§Ґ+1 this rnd
,"Cursed Spartan Powers - Phalanx DriveвљЎ (1-Enc, AM) вћЎ Move double MRрџ‘Ј; Atk with Spear; Dmgрџ’Ґ+2",Power,Class,Cursed Spartan Powers,DB,1-Enc,AM,Phalanx Drive,Move double MRрџ‘Ј; Atk with Spear; Dmgрџ’Ґ+2
,"Cursed Spartan Powers - Shield InterposeвљЎ (1-Enc, P) вћЎ One adjacent allyвЂ™s Def+2 vs 1 Atk",Power,Class,Cursed Spartan Powers,DB,1-Enc,P,Shield Interpose,One adjacent allyвЂ™s Def+2 vs 1 Atk
,"Cursed Spartan Powers - Shield RamвљЎ (1-Enc, A) вћЎ Roll shield Def as Atk at ARрџ§Ґ+1 as Dmgрџ’Ґ and Mightрџ’Є pushws target d4sq",Power,Class,Cursed Spartan Powers,DB,1-Enc,A,Shield Ram,Roll shield Def as Atk at ARрџ§Ґ+1 as Dmgрџ’Ґ and Mightрџ’Є pushws target d4sq
,"Cursed Spartan Powers - Shield WallвљЎ (1-Rnd, M) вћЎ ARрџ§Ґ+2 while holding position this rnd",Power,Class,Cursed Spartan Powers,DB,1-Rnd,M,Shield Wall,ARрџ§Ґ+2 while holding position this rnd
,"Cursed Spartan Powers - SpearCircleвљЎ (1-Enc, A) вћЎ Atk all adjacent foes with spear",Power,Class,Cursed Spartan Powers,DB,1-Enc,A,SpearCircle,Atk all adjacent foes with spear
,"Cursed Spartan Powers - Taunting ShoutвљЎ (1-Enc, P) вћЎ Mindрџ‘ЃпёЏ or foes in 2sq focus Atks on you",Power,Class,Cursed Spartan Powers,DB,1-Enc,P,Taunting Shout,Mindрџ‘ЃпёЏ or foes in 2sq focus Atks on you
,"Dual Wield Power - AmbidexterityвљЎ (2-Enc, F) вћЎ Sheath or draw 1 weapon; no P cost",Power,Combat Style,Dual Wield Power,DB,2-Enc,F,Ambidexterity,Sheath or draw 1 weapon; no P cost
,"Dual Wield Power - Cross Guard RiposteвљЎ (1-Enc, P) вћЎ On successful Blockрџ›ЎпёЏ; immediately make off-hand Opportunity Atk",Power,Combat Style,Dual Wield Power,DB,1-Enc,P,Cross Guard Riposte,On successful Blockрџ›ЎпёЏ; immediately make off-hand Opportunity Atk
,"Dual Wield Power - Cross SlashвљЎ (1-Enc, A) вћЎ Strike with both weapons in a single sweeping motion; 1 Atk but roll Dmgрџ’Ґ for both weapons and keep best",Power,Combat Style,Dual Wield Power,DB,1-Enc,A,Cross Slash,Strike with both weapons in a single sweeping motion; 1 Atk but roll Dmgрџ’Ґ for both weapons and keep best
,"Dual Wield Power - Double ParryвљЎ (1-Enc, P) вћЎ All Blockрџ›ЎпёЏs this round roll using both weapons and keep best",Power,Combat Style,Dual Wield Power,DB,1-Enc,P,Double Parry,All Blockрџ›ЎпёЏs this round roll using both weapons and keep best
,"Dual Wield Power - DuelistвЂ™s DanceвљЎ (2-Enc, M) вћЎ MRрџ‘Ј+1 this rnd as you weave between attacks",Power,Combat Style,Dual Wield Power,DB,2-Enc,M,DuelistвЂ™s Dance,MRрџ‘Ј+1 this rnd as you weave between attacks
,"Dual Wield Power - Flowing AssaultвљЎ (1-Enc, F) вћЎ After slaying a foe; immediately make off-hand Opportunity Atk",Power,Combat Style,Dual Wield Power,DB,1-Enc,F,Flowing Assault,After slaying a foe; immediately make off-hand Opportunity Atk
,"Dual Wield Power - Mirror GuardвљЎ (1-Rnd, P) вћЎ Blockрџ›ЎпёЏ with both weapons; Def+2 for 1 rnd",Power,Combat Style,Dual Wield Power,DB,1-Rnd,P,Mirror Guard,Blockрџ›ЎпёЏ with both weapons; Def+2 for 1 rnd
,"Dual Wield Power - Off-Hand FeintвљЎ (2-Enc, P) вћЎ Distract with off-hand; main-hand Atk+2",Power,Combat Style,Dual Wield Power,DB,2-Enc,P,Off-Hand Feint,Distract with off-hand; main-hand Atk+2
,"Dual Wield Power - Overwhelming FlurryвљЎ (1-Enc, A) вћЎ Choose 1 foe; make main-hand Atk with Advantage",Power,Combat Style,Dual Wield Power,DB,1-Enc,A,Overwhelming Flurry,Choose 1 foe; make main-hand Atk with Advantage
,"Dual Wield Power - Paired PrecisionвљЎ (2-Enc, P) вћЎ Atk+2 if you attacked only with other weapon last rnd",Power,Combat Style,Dual Wield Power,DB,2-Enc,P,Paired Precision,Atk+2 if you attacked only with other weapon last rnd
,"Dual Wield Power - Relentless PressureвљЎ (1-Enc, F) вћЎ If you hit with both weapons in same rnd; Atk+1 for Encounter",Power,Combat Style,Dual Wield Power,DB,1-Enc,F,Relentless Pressure,If you hit with both weapons in same rnd; Atk+1 for Encounter
,"Dual Wield Power - Steel NetвљЎ (1-Enc, P) вћЎ Catch incoming blow between blades; Blockрџ›ЎпёЏ+1d this rnd",Power,Combat Style,Dual Wield Power,DB,1-Enc,P,Steel Net,Catch incoming blow between blades; Blockрџ›ЎпёЏ+1d this rnd
,"Dual Wield Power - Twin StrikeвљЎ (1-Enc, A) вћЎ Make 2 Atks this rnd (main-hand and off-hand); Atk-1 and Dmgрџ’Ґ-1",Power,Combat Style,Dual Wield Power,DB,1-Enc,A,Twin Strike,Make 2 Atks this rnd (main-hand and off-hand); Atk-1 and Dmgрџ’Ґ-1
,"Dual Wield Power - Twin ThreatвљЎ (1-Enc, A) вћЎ Make Atk with main-hand; if miss, immediately Atk with off-hand",Power,Combat Style,Dual Wield Power,DB,1-Enc,A,Twin Threat,"Make Atk with main-hand; if miss, immediately Atk with off-hand"
,"Dual Wield Power - Whirling DanceвљЎ (2-Day, A) вћЎ Make separate Atk & Dmgрџ’Ґ rolls vs 2 adjacent foes",Power,Combat Style,Dual Wield Power,DB,2-Day,A,Whirling Dance,Make separate Atk & Dmgрџ’Ґ rolls vs 2 adjacent foes
,"Dwarf Powers - Ale FortitudeвљЎ (1-Day, P) вћЎ ResistвњЁ with Advantage vs poison/fearfor Encounter",Power,Race,Dwarf Powers,DB,1-Day,P,Ale Fortitude,ResistвњЁ with Advantage vs poison/fearfor Encounter
,"Dwarf Powers - Ancestral EchoвљЎ (1-Enc, F) вћЎ Call dwarven spirits; next roll Roll+2",Power,Race,Dwarf Powers,DB,1-Enc,F,Ancestral Echo,Call dwarven spirits; next roll Roll+2
,"Dwarf Powers - EarthshaperвљЎ (1-Enc, A) вћЎ Raise low stone wall or pillARрџ§Ґ; provides cover",Power,Race,Dwarf Powers,DB,1-Enc,A,Earthshaper,Raise low stone wall or pillARрџ§Ґ; provides cover
,"Dwarf Powers - Forge SparkвљЎ (1-Enc, P) вћЎ Touched weapon glows; Dmgрџ’Ґ+1 for Encounter",Power,Race,Dwarf Powers,DB,1-Enc,P,Forge Spark,Touched weapon glows; Dmgрџ’Ґ+1 for Encounter
,"Dwarf Powers - Iron HideвљЎ (1-Rnd, P) вћЎ Skin hardens; ARрџ§Ґ+2 for 1 rnd",Power,Race,Dwarf Powers,DB,1-Rnd,P,Iron Hide,Skin hardens; ARрџ§Ґ+2 for 1 rnd
,"Dwarf Powers - Ore WhisperвљЎ (1-Enc, F) вћЎ Sense nearby metal veins or hidden armor/weapons",Power,Race,Dwarf Powers,DB,1-Enc,F,Ore Whisper,Sense nearby metal veins or hidden armor/weapons
,"Dwarf Powers - Rune CarveвљЎ (1-Enc, A) вћЎ Inscribe glowing rune on self; Def+2 for 1 rnd",Power,Race,Dwarf Powers,DB,1-Enc,A,Rune Carve,Inscribe glowing rune on self; Def+2 for 1 rnd
,"Dwarf Powers - Stone SenseвљЎ (1-Enc, P) вћЎ MagicвњЁ to detect hidden passages, traps, or stone weaknesses",Power,Race,Dwarf Powers,DB,1-Enc,P,Stone Sense,"MagicвњЁ to detect hidden passages, traps, or stone weaknesses"
,"Dwarf Powers - StoneformвљЎ (1-Day, P) вћЎ Body partly petrifies; immune to push/pull for Encounter; Earth SavesвњЁ+2",Power,Race,Dwarf Powers,DB,1-Day,P,Stoneform,Body partly petrifies; immune to push/pull for Encounter; Earth SavesвњЁ+2
,"Dwarf Powers - Tremor StompвљЎ (1-Enc, A) вћЎ Mightрџ’Є or nearby foes fall Prone",Power,Race,Dwarf Powers,DB,1-Enc,A,Tremor Stomp,Mightрџ’Є or nearby foes fall Prone
,"Elemental Mage Powers - Arcane PushвљЎ (2-Enc, P) вћЎ MagicвњЁ Atk; push target 2sq on hit",Power,Class,Elemental Mage Powers,DB,2-Enc,P,Arcane Push,MagicвњЁ Atk; push target 2sq on hit
,"Elemental Mage Powers - Chaos SurgeвљЎ (1-Day, A) вћЎ Random elemental effect (as per GMрџ”Ћ); usually MagicвњЁ Atk",Power,Class,Elemental Mage Powers,DB,1-Day,A,Chaos Surge,Random elemental effect (as per GMрџ”Ћ); usually MagicвњЁ Atk
,"Elemental Mage Powers - Elemental ArmorвљЎ (1-Day, P) вћЎ ARрџ§Ґ+2 (or +2 SaveвњЁ) vs a chosen element for Encounter",Power,Class,Elemental Mage Powers,DB,1-Day,P,Elemental Armor,ARрџ§Ґ+2 (or +2 SaveвњЁ) vs a chosen element for Encounter
,"Elemental Mage Powers - Elemental BurstвљЎ (1-Day, P) вћЎ Choose either fire/ice/lightning; MagicвњЁ Atk Dmgрџ’Ґ+1 for Encounter",Power,Class,Elemental Mage Powers,DB,1-Day,P,Elemental Burst,Choose either fire/ice/lightning; MagicвњЁ Atk Dmgрџ’Ґ+1 for Encounter
,"Elemental Mage Powers - Fire BreathвљЎ (2-Enc, A) вћЎ MagicвњЁ Atk cone d6 fire Dmgрџ’Ґ",Power,Class,Elemental Mage Powers,DB,2-Enc,A,Fire Breath,MagicвњЁ Atk cone d6 fire Dmgрџ’Ґ
,"Elemental Mage Powers - FireballвљЎ (1-Day, A) вћЎ MagicвњЁ Atk AOE blast d8 fire Dmgрџ’Ґ",Power,Class,Elemental Mage Powers,DB,1-Day,A,Fireball,MagicвњЁ Atk AOE blast d8 fire Dmgрџ’Ґ
,"Elemental Mage Powers - Flame WaveвљЎ (1-Day, A) вћЎ MagicвњЁ Atk line d6 fire Dmgрџ’Ґ",Power,Class,Elemental Mage Powers,DB,1-Day,A,Flame Wave,MagicвњЁ Atk line d6 fire Dmgрџ’Ґ
,"Elemental Mage Powers - Frost NovaвљЎ (1-Enc, A) вћЎ MagicвњЁ Atk all adjacent foes d4 cold Dmgрџ’Ґ; foes Weakened 1 rnd",Power,Class,Elemental Mage Powers,DB,1-Enc,A,Frost Nova,MagicвњЁ Atk all adjacent foes d4 cold Dmgрџ’Ґ; foes Weakened 1 rnd
,"Elemental Mage Powers - Ice ShieldвљЎ (1-Rnd, P) вћЎ ARрџ§Ґ+2 for 1 rnd",Power,Class,Elemental Mage Powers,DB,1-Rnd,P,Ice Shield,ARрџ§Ґ+2 for 1 rnd
,"Elemental Mage Powers - Lava PoolвљЎ (1-Day, A) вћЎ Create hazard; foes entering sq take MagicвњЁ Atk d6 fire Dmgрџ’Ґ",Power,Class,Elemental Mage Powers,DB,1-Day,A,Lava Pool,Create hazard; foes entering sq take MagicвњЁ Atk d6 fire Dmgрџ’Ґ
,"Elemental Mage Powers - Lightning JoltвљЎ (1-Rnd, A) вћЎ MagicвњЁ Atk ranged d6 lightning Dmgрџ’Ґ",Power,Class,Elemental Mage Powers,DB,1-Rnd,A,Lightning Jolt,MagicвњЁ Atk ranged d6 lightning Dmgрџ’Ґ
,"Elemental Mage Powers - Magic MissileвљЎ (1-Rnd, A) вћЎ Auto-hit; d4 force Dmgрџ’Ґ",Power,Class,Elemental Mage Powers,DB,1-Rnd,A,Magic Missile,Auto-hit; d4 force Dmgрџ’Ґ
,"Elemental Mage Powers - Shocking GraspвљЎ (1-Enc, A) вћЎ Req a Melee touch; MagicвњЁ Atk d6 lightning Dmgрџ’Ґ",Power,Class,Elemental Mage Powers,DB,1-Enc,A,Shocking Grasp,Req a Melee touch; MagicвњЁ Atk d6 lightning Dmgрџ’Ґ
,"Elemental Mage Powers - Stone SpikesвљЎ (1-Enc, A) вћЎ Raise spikes in 2sq; foes entering sq take MagicвњЁ Atk d6 Dmgрџ’Ґ",Power,Class,Elemental Mage Powers,DB,1-Enc,A,Stone Spikes,Raise spikes in 2sq; foes entering sq take MagicвњЁ Atk d6 Dmgрџ’Ґ
,"Elemental Mage Powers - Storm CallвљЎ (2-Enc, P) вћЎ Crack of thunder; MagicвњЁ or target is Frightened 1 rnd",Power,Class,Elemental Mage Powers,DB,2-Enc,P,Storm Call,Crack of thunder; MagicвњЁ or target is Frightened 1 rnd
,"Elemental Mage Powers - Tornado SpinвљЎ (1-Enc, A) вћЎ Summon whirlwind; MagicвњЁ Atk pushes adjacent foes away",Power,Class,Elemental Mage Powers,DB,1-Enc,A,Tornado Spin,Summon whirlwind; MagicвњЁ Atk pushes adjacent foes away
,"Elf Powers - Ancestral BowвљЎ (1-Day, A) вћЎ Bow auto-hits; normal Dmgрџ’Ґ",Power,Race,Elf Powers,DB,1-Day,A,Ancestral Bow,Bow auto-hits; normal Dmgрџ’Ґ
,"Elf Powers - ArrowcallвљЎ (1-Enc, A) вћЎ Imbue next arrow; Dmgрџ’Ґ+d4",Power,Race,Elf Powers,DB,1-Enc,A,Arrowcall,Imbue next arrow; Dmgрџ’Ґ+d4
,"Elf Powers - Elven ResilienceвљЎ (1-Rnd, P) вћЎ Immune to sleep/charm and most  Mindрџ‘ЃпёЏ SavesвњЁ for 1 rnd",Power,Race,Elf Powers,DB,1-Rnd,P,Elven Resilience,Immune to sleep/charm and most  Mindрџ‘ЃпёЏ SavesвњЁ for 1 rnd
,"Elf Powers - Fey StepвљЎ (1-Enc, M) вћЎ Teleport up to 12sq to visible location",Power,Race,Elf Powers,DB,1-Enc,M,Fey Step,Teleport up to 12sq to visible location
,"Elf Powers - Forest BondвљЎ (1-Enc, A) вћЎ Summon roots/vines; MagicвњЁ or target is Immobilized",Power,Race,Elf Powers,DB,1-Enc,A,Forest Bond,Summon roots/vines; MagicвњЁ or target is Immobilized
,"Elf Powers - Glamour VeilвљЎ (1-Enc, P) вћЎ AppeARрџ§Ґmore beautifu; Appropriate Mindрџ‘ЃпёЏ+2",Power,Race,Elf Powers,DB,1-Enc,P,Glamour Veil,AppeARрџ§Ґmore beautifu; Appropriate Mindрџ‘ЃпёЏ+2
,"Elf Powers - Keen SightвљЎ (1-Enc, P) вћЎ Spot hidden foes or objects; Mindрџ‘ЃпёЏ with Advantage",Power,Race,Elf Powers,DB,1-Enc,P,Keen Sight,Spot hidden foes or objects; Mindрџ‘ЃпёЏ with Advantage
,"Elf Powers - Moonlight BlessingвљЎ (1-Enc, P) вћЎ Glow faintly; Allies Nishрџљ©+1 for Encounter",Power,Race,Elf Powers,DB,1-Enc,P,Moonlight Blessing,Glow faintly; Allies Nishрџљ©+1 for Encounter
,"Elf Powers - Song of SerenityвљЎ (1-Enc, A) вћЎ Mindрџ‘ЃпёЏ or target is Pacified",Power,Race,Elf Powers,DB,1-Enc,A,Song of Serenity,Mindрџ‘ЃпёЏ or target is Pacified
,"Elf Powers - Woodland StepвљЎ (1-Rnd, M) вћЎ Stealth in natural terrain at MRрџ‘Ј+2; 1 rnd",Power,Race,Elf Powers,DB,1-Rnd,M,Woodland Step,Stealth in natural terrain at MRрџ‘Ј+2; 1 rnd
,"Fairy Powers - Fey GlamourвљЎ (1-Day, P) вћЎ Target ResistвњЁ or Charmed for 1 rnd",Power,Race,Fairy Powers,DB,1-Day,P,Fey Glamour,Target ResistвњЁ or Charmed for 1 rnd
,"Fairy Powers - Fey GraceвљЎ (1-Enc, F) вћЎ Gain Nishрџљ©+2 this rnd",Power,Race,Fairy Powers,DB,1-Enc,F,Fey Grace,Gain Nishрџљ©+2 this rnd
,"Fairy Powers - Fey LuckвљЎ (1-Luck, F) вћЎ Reroll one failed DodgeрџЏѓ roll",Power,Race,Fairy Powers,DB,1-Luck,F,Fey Luck,Reroll one failed DodgeрџЏѓ roll
,"Fairy Powers - Fey ResilienceвљЎ (1-Enc, P) вћЎ Resist MagicвњЁ with Advantage vs Charm/Fear",Power,Race,Fairy Powers,DB,1-Enc,P,Fey Resilience,Resist MagicвњЁ with Advantage vs Charm/Fear
,"Fairy Powers - Fey WhisperвљЎ (1-Enc, F) вћЎ Communicate with beasts in 3sq",Power,Race,Fairy Powers,DB,1-Enc,F,Fey Whisper,Communicate with beasts in 3sq
,"Fairy Powers - Flutter DanceвљЎ (1-Enc, M) вћЎ Move MRрџ‘Ј; foesвЂ™ Atkвљ”пёЏ vs you Dis this rnd",Power,Race,Fairy Powers,DB,1-Enc,M,Flutter Dance,Move MRрџ‘Ј; foesвЂ™ Atkвљ”пёЏ vs you Dis this rnd
,"Fairy Powers - GlitterdustвљЎ (1-Enc, P) вћЎ Emit light motes in 2sq; foes ResistвњЁ or Blind 1 rnd",Power,Race,Fairy Powers,DB,1-Enc,P,Glitterdust,Emit light motes in 2sq; foes ResistвњЁ or Blind 1 rnd
,"Fairy Powers - Small StatureвљЎ (1-Enc, P) вћЎ StealthрџЏѓ with Advantage in natural terrain",Power,Race,Fairy Powers,DB,1-Enc,P,Small Stature,StealthрџЏѓ with Advantage in natural terrain
,"Fairy Powers - SunblessedвљЎ (1-Enc, P) вћЎ Light sources you create glow +1sq radius",Power,Race,Fairy Powers,DB,1-Enc,P,Sunblessed,Light sources you create glow +1sq radius
,"Fairy Powers - Winged FlightвљЎ (1-Enc, M) вћЎ Fly MRрџ‘Ј; Hover in place",Power,Race,Fairy Powers,DB,1-Enc,M,Winged Flight,Fly MRрџ‘Ј; Hover in place
,"Gnome Powers - Clockwork AllyвљЎ (1-Enc, A) вћЎ Summon small construct Golem; All Atr are at Mindрџ‘ЃпёЏ, for 1 rnd",Power,Race,Gnome Powers,DB,1-Enc,A,Clockwork Ally,"Summon small construct Golem; All Atr are at Mindрџ‘ЃпёЏ, for 1 rnd"
,"Gnome Powers - Gnome LuckрџЌЂвљЎ (1-Day, F) вћЎ Reroll one failed roll",Power,Race,Gnome Powers,DB,1-Day,F,Gnome LuckрџЌЂ,Reroll one failed roll
,"Gnome Powers - Lucky JinxвљЎ (1-Enc, P) вћЎ Next roll vs Target has Advantage",Power,Race,Gnome Powers,DB,1-Enc,P,Lucky Jinx,Next roll vs Target has Advantage
,"Gnome Powers - MinorрџЌє IllusionвљЎ (1-Enc, A) вћЎ Create sound/image in 1sq; Mindрџ‘ЃпёЏ or target disbelieves",Power,Race,Gnome Powers,DB,1-Enc,A,MinorрџЌє Illusion,Create sound/image in 1sq; Mindрџ‘ЃпёЏ or target disbelieves
,"Gnome Powers - Puzzle InsightвљЎ (1-Enc, P) вћЎ Mindрџ‘ЃпёЏ+2 to solve/spot solution",Power,Race,Gnome Powers,DB,1-Enc,P,Puzzle Insight,Mindрџ‘ЃпёЏ+2 to solve/spot solution
,"Gnome Powers - Quick FixвљЎ (1-Enc, P) вћЎ Repair 1 standard gear, weapon, or armor",Power,Race,Gnome Powers,DB,1-Enc,P,Quick Fix,"Repair 1 standard gear, weapon, or armor"
,"Gnome Powers - Tinker SparkвљЎ (1-Enc, P) вћЎ Create tiny device (toy, clicker, light) for Encounter",Power,Race,Gnome Powers,DB,1-Enc,P,Tinker Spark,"Create tiny device (toy, clicker, light) for Encounter"
,"Gnome Powers - Trickster BlinkвљЎ (1-Enc, P) вћЎ Teleport up to 3sq",Power,Race,Gnome Powers,DB,1-Enc,P,Trickster Blink,Teleport up to 3sq
,"Gnome Powers - WhizbangвљЎ (1-Enc, A) вћЎ Launch spark/popper; MagicвњЁ Atk & Dmgрџ’Ґ+1",Power,Race,Gnome Powers,DB,1-Enc,A,Whizbang,Launch spark/popper; MagicвњЁ Atk & Dmgрџ’Ґ+1
,"Goblin Powers - Ambush InstinctвљЎ (1-Enc, A) вћЎ If hidden; next Atk has Advantage+2",Power,Race,Goblin Powers,DB,1-Enc,A,Ambush Instinct,If hidden; next Atk has Advantage+2
,"Goblin Powers - FilchвљЎ (1-Enc, P) вћЎ MotionрџЏѓto steal 1 small item unnoticed",Power,Race,Goblin Powers,DB,1-Enc,P,Filch,MotionрџЏѓto steal 1 small item unnoticed
,"Goblin Powers - Goblin GleeвљЎ (1-Day, F) вћЎ After a crit; gain 1 LuckрџЌЂ chit",Power,Race,Goblin Powers,DB,1-Day,F,Goblin Glee,After a crit; gain 1 LuckрџЌЂ chit
,"Goblin Powers - Grimy GrinвљЎ (1-Enc, P) вћЎ Mindрџ‘ЃпёЏ Intimidate or target looses next Move Action",Power,Race,Goblin Powers,DB,1-Enc,P,Grimy Grin,Mindрџ‘ЃпёЏ Intimidate or target looses next Move Action
,"Goblin Powers - Howl PackвљЎ (1-Enc, A) вћЎ Allies in 3sq Atk+1 for Encounter",Power,Race,Goblin Powers,DB,1-Enc,A,Howl Pack,Allies in 3sq Atk+1 for Encounter
,"Goblin Powers - Scrap BombвљЎ (1-Day, A) вћЎ Toss a bomb; MagicвњЁ Atk for MagicвњЁ+1 Dmgрџ’Ґ in 2x2sq",Power,Race,Goblin Powers,DB,1-Day,A,Scrap Bomb,Toss a bomb; MagicвњЁ Atk for MagicвњЁ+1 Dmgрџ’Ґ in 2x2sq
,"Goblin Powers - ScurryвљЎ (1-Enc, M) вћЎ Move double MRрџ‘Ј this rnd",Power,Race,Goblin Powers,DB,1-Enc,M,Scurry,Move double MRрџ‘Ј this rnd
,"Goblin Powers - Smoke PuffвљЎ (1-Enc, P) вћЎ Stealth has Advantage",Power,Race,Goblin Powers,DB,1-Enc,P,Smoke Puff,Stealth has Advantage
,"Goblin Powers - Tinker TrapвљЎ (1-Enc, P) вћЎ Place small trap; MagicвњЁ or target suffers MagicвњЁ Dmgрџ’Ґ",Power,Race,Goblin Powers,DB,1-Enc,P,Tinker Trap,Place small trap; MagicвњЁ or target suffers MagicвњЁ Dmgрџ’Ґ
,"Goblin Powers - Trash ShieldвљЎ (1-Day, P) вћЎ ARрџ§Ґ+1 for Encounter",Power,Race,Goblin Powers,DB,1-Day,P,Trash Shield,ARрџ§Ґ+1 for Encounter
,"Half-Orc Powers - Ash-forged GritвљЎ (1-Enc, P) вћЎ Heal self 1d4",Power,Race,Half-Orc Powers,DB,1-Enc,P,Ash-forged Grit,Heal self 1d4
,"Half-Orc Powers - Blood of BalanceвљЎ (1-Rnd, F) вћЎ When you Heal an ally; Def+1 for 1 rnd",Power,Race,Half-Orc Powers,DB,1-Rnd,F,Blood of Balance,When you Heal an ally; Def+1 for 1 rnd
,"Half-Orc Powers - Dusk HowlвљЎ (1-Enc, A) вћЎ Foes in 2sq Mindрџ‘ЃпёЏ or flee 1 rnd",Power,Race,Half-Orc Powers,DB,1-Enc,A,Dusk Howl,Foes in 2sq Mindрџ‘ЃпёЏ or flee 1 rnd
,"Half-Orc Powers - Obsidian SkinвљЎ (1-Enc, P) вћЎ ARрџ§Ґ+1 for 1 rnd",Power,Race,Half-Orc Powers,DB,1-Enc,P,Obsidian Skin,ARрџ§Ґ+1 for 1 rnd
,"Half-Orc Powers - Shadow TranceвљЎ (1-Rnd, P) вћЎ Immune to sleep/charm and most  Mindрџ‘ЃпёЏ SavesвњЁ for 1 rnd",Power,Race,Half-Orc Powers,DB,1-Rnd,P,Shadow Trance,Immune to sleep/charm and most  Mindрџ‘ЃпёЏ SavesвњЁ for 1 rnd
,"Half-Orc Powers - Starlight SightвљЎ (1-Day, F) вћЎ See clearly in dim light; ignore typical darkness penalties",Power,Race,Half-Orc Powers,DB,1-Day,F,Starlight Sight,See clearly in dim light; ignore typical darkness penalties
,"Half-Orc Powers - Stonefang ResolveвљЎ (1-Day, F) вћЎ Negate Stunned or Weakened or similar",Power,Race,Half-Orc Powers,DB,1-Day,F,Stonefang Resolve,Negate Stunned or Weakened or similar
,"Half-Orc Powers - Umbral HeritageвљЎ (1-Enc, F) вћЎ MotionрџЏѓ Stealth with Advantage in dim light or darkness",Power,Race,Half-Orc Powers,DB,1-Enc,F,Umbral Heritage,MotionрџЏѓ Stealth with Advantage in dim light or darkness
,"Half-Orc Powers - Umbral StepвЂ”ShortвљЎ (1-Enc, M) вћЎ Teleport 12sq to visible shadow",Power,Race,Half-Orc Powers,DB,1-Enc,M,Umbral StepвЂ”Short,Teleport 12sq to visible shadow
,"Half-Orc Powers - Volcanic SenseвљЎ (1-Enc, P) вћЎ MagicвњЁ to detect stone weaknesses/passages",Power,Race,Half-Orc Powers,DB,1-Enc,P,Volcanic Sense,MagicвњЁ to detect stone weaknesses/passages
,"Healer Powers - Aura of WardingвљЎ (1-Rnd, P) вћЎ Allies nearby gain +1 ARрџ§Ґ until next turn",Power,Class,Healer Powers,DB,1-Rnd,P,Aura of Warding,Allies nearby gain +1 ARрџ§Ґ until next turn
,"Healer Powers - Beacon of HopeвљЎ (1-Enc, P) вћЎ All allies gain +1 to ResistвњЁ fearвњЁ",Power,Class,Healer Powers,DB,1-Enc,P,Beacon of Hope,All allies gain +1 to ResistвњЁ fearвњЁ
,"Healer Powers - BlessвљЎ (2-Day, A) вћЎ One ally gains +1 to all rolls this encounter",Power,Class,Healer Powers,DB,2-Day,A,Bless,One ally gains +1 to all rolls this encounter
,"Healer Powers - Chill VibesвљЎ (1-Enc, P) вћЎ Allies regain 1 Vitвќ¤пёЏ when resting neARрџ§Ґyou",Power,Class,Healer Powers,DB,1-Enc,P,Chill Vibes,Allies regain 1 Vitвќ¤пёЏ when resting neARрџ§Ґyou
,"Healer Powers - CurseвљЎ (3-Enc, A) вћЎ Target suffers вЂ“2 on next roll; MagicвњЁ attack roll",Power,Class,Healer Powers,DB,3-Enc,A,Curse,Target suffers вЂ“2 on next roll; MagicвњЁ attack roll
,"Healer Powers - Group HuddleвљЎ (1-Day, P) вћЎ All allies nearby gain +1 to next roll",Power,Class,Healer Powers,DB,1-Day,P,Group Huddle,All allies nearby gain +1 to next roll
,"Healer Powers - HarmonizeвљЎ (1-Enc, A) вћЎ Two allies combine skills as 1 roll with advantage",Power,Class,Healer Powers,DB,1-Enc,A,Harmonize,Two allies combine skills as 1 roll with advantage
,"Healer Powers - Healing LightвљЎ (3-Enc, A) вћЎ Restore 1d4 Vitвќ¤пёЏ to ally",Power,Class,Healer Powers,DB,3-Enc,A,Healing Light,Restore 1d4 Vitвќ¤пёЏ to ally
,"Healer Powers - HeroвЂ™s BlessingвљЎ (1-Enc, P) вћЎ Ally adds +2 to all rolls next round",Power,Class,Healer Powers,DB,1-Enc,P,HeroвЂ™s Blessing,Ally adds +2 to all rolls next round
,"Healer Powers - Inspiring AnthemвљЎ (1-Day, A) вћЎ Ally rerolls a failed check",Power,Class,Healer Powers,DB,1-Day,A,Inspiring Anthem,Ally rerolls a failed check
,"Healer Powers - Mass HealвљЎ (1-Enc, A) вћЎ Restore 1 Vitвќ¤пёЏ to all allies",Power,Class,Healer Powers,DB,1-Enc,A,Mass Heal,Restore 1 Vitвќ¤пёЏ to all allies
,"Healer Powers - Mystic SightвљЎ (1-Enc, A) вћЎ Spot hidden foes/traps; Mindрџ‘ЃпёЏ perception roll",Power,Class,Healer Powers,DB,1-Enc,A,Mystic Sight,Spot hidden foes/traps; Mindрџ‘ЃпёЏ perception roll
,"Healer Powers - Rally SoulвљЎ (1-Enc, A) вћЎ ResistвњЁ check vs fastest foe в†’ Nishрџљ©-2",Power,Class,Healer Powers,DB,1-Enc,A,Rally Soul,ResistвњЁ check vs fastest foe в†’ Nishрџљ©-2
,"Healer Powers - ReviveвљЎ (1-Day, A) вћЎ Restore ally from >= Vitвќ¤пёЏ0 to full Vitвќ¤пёЏ",Power,Class,Healer Powers,DB,1-Day,A,Revive,Restore ally from >= Vitвќ¤пёЏ0 to full Vitвќ¤пёЏ
,"Healer Powers - SanctuaryвљЎ (1-Enc, P) вћЎ One ally cannot be attacked until they act",Power,Class,Healer Powers,DB,1-Enc,P,Sanctuary,One ally cannot be attacked until they act
,"Healer Powers - Spirit BondвљЎ (2-Enc, A) вћЎ Heal ally 2 Vitвќ¤пёЏ by touch",Power,Class,Healer Powers,DB,2-Enc,A,Spirit Bond,Heal ally 2 Vitвќ¤пёЏ by touch
,"Human Powers - Aethelgard ComposureвљЎ (1-Enc, P) вћЎ Nishрџљ©+1 when combat begins.",Power,Race,Human Powers,DB,1-Enc,P,Aethelgard Composure,Nishрџљ©+1 when combat begins.
,"Human Powers - Battle DrillвљЎ (1-Enc, F) вћЎ Give 1 adjacent ally Nishрџљ©+1 this rnd.",Power,Race,Human Powers,DB,1-Enc,F,Battle Drill,Give 1 adjacent ally Nishрџљ©+1 this rnd.
,"Human Powers - Clear the MindвљЎ (1-Enc, P) вћЎ Remove Disadvantage from your next Mindрџ‘ЃпёЏ roll this rnd.",Power,Race,Human Powers,DB,1-Enc,P,Clear the Mind,Remove Disadvantage from your next Mindрџ‘ЃпёЏ roll this rnd.
,"Human Powers - GuardвЂ™s PragmatismвљЎ (1-Enc, P) вћЎ Choose Atkвљ”пёЏ+1 or Def+1 for this rnd.",Power,Race,Human Powers,DB,1-Enc,P,GuardвЂ™s Pragmatism,Choose Atkвљ”пёЏ+1 or Def+1 for this rnd.
,"Human Powers - Human GritвљЎ (1-Luck, F) вћЎ Reroll one failed Ability Roll.",Power,Race,Human Powers,DB,1-Luck,F,Human Grit,Reroll one failed Ability Roll.
,"Human Powers - Orderly BearingвљЎ (1-Enc, P) вћЎ Social Persuasionрџ‘ЃпёЏ at Advantage with lawful authorities.",Power,Race,Human Powers,DB,1-Enc,P,Orderly Bearing,Social Persuasionрџ‘ЃпёЏ at Advantage with lawful authorities.
,"Human Powers - Peak-Bred EnduranceвљЎ (1-Enc, P) вћЎ When you Heal, Heal self +1 once per Enc.",Power,Race,Human Powers,DB,1-Enc,P,Peak-Bred Endurance,"When you Heal, Heal self +1 once per Enc."
,"Human Powers - Steady HandsвљЎ (1-Enc, P) вћЎ Reroll one failed Blockрџ›ЎпёЏ or DodgeрџЏѓ roll this rnd.",Power,Race,Human Powers,DB,1-Enc,P,Steady Hands,Reroll one failed Blockрџ›ЎпёЏ or DodgeрџЏѓ roll this rnd.
,"Human Powers - Stoic ResolveвљЎ (1-Enc, P) вћЎ ResistвњЁ vs fear/charm with Advantage.",Power,Race,Human Powers,DB,1-Enc,P,Stoic Resolve,ResistвњЁ vs fear/charm with Advantage.
,"Human Powers - Veiled MindвљЎ (1-Day, F) вћЎ After you succeed a ResistвњЁ vs a mental effect; Make Mindрџ‘ЃпёЏ to Weaken the Attacker for 1 rnd.",Power,Race,Human Powers,DB,1-Day,F,Veiled Mind,After you succeed a ResistвњЁ vs a mental effect; Make Mindрџ‘ЃпёЏ to Weaken the Attacker for 1 rnd.
,"Luck Powers - Fortunate TimingвљЎ (1-LuckрџЌЂ, F) вћЎ take turn immediately even if before your Nishрџљ©",Power,Luck,Luck Powers,DB,1-LuckрџЌЂ,F,Fortunate Timing,take turn immediately even if before your Nishрџљ©
,"Luck Powers - Inspire AllyвљЎ (1-LuckрџЌЂ, P) вћЎ AllyвЂ™s next roll has Advantage",Power,Luck,Luck Powers,DB,1-LuckрџЌЂ,P,Inspire Ally,AllyвЂ™s next roll has Advantage
,"Luck Powers - Last ChanceвљЎ (1-LuckрџЌЂ, F) вћЎ If reduced to negative Vitвќ¤пёЏ; stay at 1 Vitвќ¤пёЏ instead",Power,Luck,Luck Powers,DB,1-LuckрџЌЂ,F,Last Chance,If reduced to negative Vitвќ¤пёЏ; stay at 1 Vitвќ¤пёЏ instead
,"Luck Powers - Lucky Blockрџ›ЎпёЏвљЎ (1-LuckрџЌЂ, P) вћЎ Blockрџ›ЎпёЏ as if max roll, on 1 Atk",Power,Luck,Luck Powers,DB,1-LuckрџЌЂ,P,Lucky Blockрџ›ЎпёЏ,"Blockрџ›ЎпёЏ as if max roll, on 1 Atk"
,"Luck Powers - Lucky DodgeвљЎ (1-LuckрџЌЂ, P) вћЎ Avoid 1 incoming Atk",Power,Luck,Luck Powers,DB,1-LuckрџЌЂ,P,Lucky Dodge,Avoid 1 incoming Atk
,"Luck Powers - Lucky StrikeвљЎ (1-LuckрџЌЂ, F) вћЎ On successful Atk; Dmgрџ’Ґ+d6",Power,Luck,Luck Powers,DB,1-LuckрџЌЂ,F,Lucky Strike,On successful Atk; Dmgрџ’Ґ+d6
,"Luck Powers - Second WindвљЎ (1-LuckрџЌЂ, P) вћЎ Heal self 1d6",Power,Luck,Luck Powers,DB,1-LuckрџЌЂ,P,Second Wind,Heal self 1d6
,"Luck Powers - SerendipityвљЎ (1-LuckрџЌЂ, F) вћЎ Provides object, clue, or NPC (as per GMрџ”Ћ)",Power,Luck,Luck Powers,DB,1-LuckрџЌЂ,F,Serendipity,"Provides object, clue, or NPC (as per GMрџ”Ћ)"
,"Luck Powers - Wild GambitвљЎ (1-LuckрџЌЂ, A) вћЎ Your next roll has Advantage",Power,Luck,Luck Powers,DB,1-LuckрџЌЂ,A,Wild Gambit,Your next roll has Advantage
,"Magnetic Wizard Powers - Alloy SpecialistвљЎ (1-Enc, P) вћЎ MagicвњЁ reveals metal's purity & weaknesses & magic effects if any",Power,Class,Magnetic Wizard Powers,DB,1-Enc,P,Alloy Specialist,MagicвњЁ reveals metal's purity & weaknesses & magic effects if any
,"Magnetic Wizard Powers - Circus CharismaвљЎ (1-Enc, P) вћЎ Mindрџ‘ЃпёЏ Diplomacy & Performance with Advantage",Power,Class,Magnetic Wizard Powers,DB,1-Enc,P,Circus Charisma,Mindрџ‘ЃпёЏ Diplomacy & Performance with Advantage
,"Magnetic Wizard Powers - Circus SurvivorвљЎ (1-Day, F) вћЎ When reduced to negavie Vitвќ¤пёЏ; ResistвњЁ with MagicвњЁ vs 10+(negative wounds) to remain at 1 HP",Power,Class,Magnetic Wizard Powers,DB,1-Day,F,Circus Survivor,When reduced to negavie Vitвќ¤пёЏ; ResistвњЁ with MagicвњЁ vs 10+(negative wounds) to remain at 1 HP
,"Magnetic Wizard Powers - Disarm PullвљЎ (1-Enc, M) вћЎ MagicвњЁto disarm metal weapon, tossing weapon d8sq",Power,Class,Magnetic Wizard Powers,DB,1-Enc,M,Disarm Pull,"MagicвњЁto disarm metal weapon, tossing weapon d8sq"
,"Magnetic Wizard Powers - GamblerвЂ™s LuckрџЌЂвљЎ (1-Day, P) вћЎ Reroll 1 failed Mindрџ‘ЃпёЏ or MotionрџЏѓ roll",Power,Class,Magnetic Wizard Powers,DB,1-Day,P,GamblerвЂ™s LuckрџЌЂ,Reroll 1 failed Mindрџ‘ЃпёЏ or MotionрџЏѓ roll
,"Magnetic Wizard Powers - Iron BindвљЎ (1-Enc, A) вћЎ Clamp foe in metal geARрџ§Ґ; Mindрџ‘ЃпёЏ or target is Immobilized",Power,Class,Magnetic Wizard Powers,DB,1-Enc,A,Iron Bind,Clamp foe in metal geARрџ§Ґ; Mindрџ‘ЃпёЏ or target is Immobilized
,"Magnetic Wizard Powers - Knife BarrageвљЎ (1-Enc, A) вћЎ Throw d4 knives; each knife MotionрџЏѓ Atk d4 Dmgрџ’Ґ",Power,Class,Magnetic Wizard Powers,DB,1-Enc,A,Knife Barrage,Throw d4 knives; each knife MotionрџЏѓ Atk d4 Dmgрџ’Ґ
,"Magnetic Wizard Powers - Knife SavantвљЎ (1-Day, F) вћЎ Thrown knives Atk+1 for encounter",Power,Class,Magnetic Wizard Powers,DB,1-Day,F,Knife Savant,Thrown knives Atk+1 for encounter
,"Magnetic Wizard Powers - Knife SwarmвљЎ (1-Enc, A) вћЎ Recall all thrown knives in range; make 1 Atk with each against nearby foes",Power,Class,Magnetic Wizard Powers,DB,1-Enc,A,Knife Swarm,Recall all thrown knives in range; make 1 Atk with each against nearby foes
,"Magnetic Wizard Powers - Magnetic BurstвљЎ (1-Enc, M) вћЎ MagicвњЁ in 2sqR of PC; foes wearing metal roll ResistвњЁ or Def-2 for 1 rnd",Power,Class,Magnetic Wizard Powers,DB,1-Enc,M,Magnetic Burst,MagicвњЁ in 2sqR of PC; foes wearing metal roll ResistвњЁ or Def-2 for 1 rnd
,"Magnetic Wizard Powers - Magnetic FeatherfallвљЎ (1-Enc, M) вћЎ Choose 1 metal-bearing target; floats down safely this rnd",Power,Class,Magnetic Wizard Powers,DB,1-Enc,M,Magnetic Featherfall,Choose 1 metal-bearing target; floats down safely this rnd
,"Magnetic Wizard Powers - Magnetic GraspвљЎ (1-Rnd, M) вћЎ Move 1 unattended iron/steel object; MagicвњЁ roll if > 20lb",Power,Class,Magnetic Wizard Powers,DB,1-Rnd,M,Magnetic Grasp,Move 1 unattended iron/steel object; MagicвњЁ roll if > 20lb
,"Magnetic Wizard Powers - Magnetic SlideвљЎ (1-Rnd, AM) вћЎ Mindрџ‘ЃпёЏslide up to 6 sq 1 foes held iron item or iron wearing foe",Power,Class,Magnetic Wizard Powers,DB,1-Rnd,AM,Magnetic Slide,Mindрџ‘ЃпёЏslide up to 6 sq 1 foes held iron item or iron wearing foe
,"Magnetic Wizard Powers - Magnetized ReflexвљЎ (1-Day, F) вћЎ DodgeрџЏѓ vs ranged metal weapons with Advantage for 1 rnd",Power,Class,Magnetic Wizard Powers,DB,1-Day,F,Magnetized Reflex,DodgeрџЏѓ vs ranged metal weapons with Advantage for 1 rnd
,"Magnetic Wizard Powers - Metallic SenseвљЎ (1-Enc, F) вћЎ Detect hidden ferrous objects in range without roll",Power,Class,Magnetic Wizard Powers,DB,1-Enc,F,Metallic Sense,Detect hidden ferrous objects in range without roll
,"Magnetic Wizard Powers - Object RecallвљЎ (1-Rnd, M) вћЎ Recall to hand; 1 thrown knife; or iron item in range",Power,Class,Magnetic Wizard Powers,DB,1-Rnd,M,Object Recall,Recall to hand; 1 thrown knife; or iron item in range
,"Magnetic Wizard Powers - Polarize ArmorвљЎ (1-Enc, M) вћЎ One ally in 3sq wearing iron; ARрџ§Ґ+2 for 1 rnd",Power,Class,Magnetic Wizard Powers,DB,1-Enc,M,Polarize Armor,One ally in 3sq wearing iron; ARрџ§Ґ+2 for 1 rnd
,"Magnetic Wizard Powers - Rapier FlourishвљЎ (1-Day, A) вћЎ Melee Atk with rapier; Atk+1 if foe wears metal armor for encounter",Power,Class,Magnetic Wizard Powers,DB,1-Day,A,Rapier Flourish,Melee Atk with rapier; Atk+1 if foe wears metal armor for encounter
,"Magnetic Wizard Powers - Ricochet TrickвљЎ (2-Enc, P) вћЎ On hit with thrown knife; magnetic knife Opporunity Atk to 1 extra target",Power,Class,Magnetic Wizard Powers,DB,2-Enc,P,Ricochet Trick,On hit with thrown knife; magnetic knife Opporunity Atk to 1 extra target
,"Magnetic Wizard Powers - Streetwise EyeвљЎ (1-Enc, F) вћЎ Mindрџ‘ЃпёЏ checks to detect scams, danger, or cheats at Advantage",Power,Class,Magnetic Wizard Powers,DB,1-Enc,F,Streetwise Eye,"Mindрџ‘ЃпёЏ checks to detect scams, danger, or cheats at Advantage"
,"Martial Arts Powe - Elbow SmashвљЎ (1-Enc, F) вћЎ Immediate Opportunity Atk",Power,Combat Style,Martial Arts Powe,DB,1-Enc,F,Elbow Smash,Immediate Opportunity Atk
,"Martial Arts Powers - Axe KickвљЎ (2-Enc, AM) вћЎ Dmgрџ’Ґ+3",Power,Combat Style,Martial Arts Powers,DB,2-Enc,AM,Axe Kick,Dmgрџ’Ґ+3
,"Martial Arts Powers - Chain StrikesвљЎ (1-Day, A) вћЎ Make 3 Atk & Dmgрџ’Ґ vs same foe",Power,Combat Style,Martial Arts Powers,DB,1-Day,A,Chain Strikes,Make 3 Atk & Dmgрџ’Ґ vs same foe
,"Martial Arts Powers - Disarm StrikeвљЎ (2-Enc, P) вћЎ On hit; normal Dmgрџ’Ґ and MotionрџЏѓ or target drops weapon",Power,Combat Style,Martial Arts Powers,DB,2-Enc,P,Disarm Strike,On hit; normal Dmgрџ’Ґ and MotionрџЏѓ or target drops weapon
,"Martial Arts Powers - Dragon StrikeвљЎ (1-Day, A) вћЎ Mighty blow; Atk Dmgрџ’Ґ+3",Power,Combat Style,Martial Arts Powers,DB,1-Day,A,Dragon Strike,Mighty blow; Atk Dmgрџ’Ґ+3
,"Martial Arts Powers - Flurry of BlowsвљЎ (1-Enc, A) вћЎ Make 2 separate Atk and Dmgрџ’Ґ rolls",Power,Combat Style,Martial Arts Powers,DB,1-Enc,A,Flurry of Blows,Make 2 separate Atk and Dmgрџ’Ґ rolls
,"Martial Arts Powers - Flying KickвљЎ (1-Enc, AM) вћЎ Jump up to MRрџ‘Ј and strike; Atk & Dmgрџ’Ґ with Advantage",Power,Combat Style,Martial Arts Powers,DB,1-Enc,AM,Flying Kick,Jump up to MRрџ‘Ј and strike; Atk & Dmgрџ’Ґ with Advantage
,"Martial Arts Powers - Iron FistвљЎ (1-Rnd, P) вћЎ All Brawl; Dmgрџ’Ґ+1d",Power,Combat Style,Martial Arts Powers,DB,1-Rnd,P,Iron Fist,All Brawl; Dmgрџ’Ґ+1d
,"Martial Arts Powers - Knee BreakerвљЎ (2-Enc, A) вћЎ On hit; normal Dmgрџ’Ґ and Mightрџ’Є or target Immobilized",Power,Combat Style,Martial Arts Powers,DB,2-Enc,A,Knee Breaker,On hit; normal Dmgрџ’Ґ and Mightрџ’Є or target Immobilized
,"Martial Arts Powers - Leaping StrikeвљЎ (1-Enc, AM) вћЎ Leap up to double MRрџ‘Ј; Dmgрџ’Ґ+2",Power,Combat Style,Martial Arts Powers,DB,1-Enc,AM,Leaping Strike,Leap up to double MRрџ‘Ј; Dmgрџ’Ґ+2
,"Martial Arts Powers - MA FlurryвљЎ (1-Enc, A) вћЎ Make 4 Atk vs any combination of adjacent targets; each Dmgрџ’Ґ is d4",Power,Combat Style,Martial Arts Powers,DB,1-Enc,A,MA Flurry,Make 4 Atk vs any combination of adjacent targets; each Dmgрџ’Ґ is d4
,"Martial Arts Powers - Palm HealвљЎ (1-Day, A) вћЎ On hit; normal Dmgрџ’Ґ and heal self equal to Wounds caused",Power,Combat Style,Martial Arts Powers,DB,1-Day,A,Palm Heal,On hit; normal Dmgрџ’Ґ and heal self equal to Wounds caused
,"Martial Arts Powers - Pressure PointвљЎ (1-Enc, A) вћЎ On hit; normal Dmgрџ’Ґ and target MRрџ‘Ј-2 for 1 rnd",Power,Combat Style,Martial Arts Powers,DB,1-Enc,A,Pressure Point,On hit; normal Dmgрџ’Ґ and target MRрџ‘Ј-2 for 1 rnd
,"Martial Arts Powers - Roundhouse KickвљЎ (1-Enc, A) вћЎ Atk all adjacent foes",Power,Combat Style,Martial Arts Powers,DB,1-Enc,A,Roundhouse Kick,Atk all adjacent foes
,"Martial Arts Powers - Side KickвљЎ (2-Enc, A) вћЎ On hit; normal Dmgрџ’Ґ and push target d4sq",Power,Combat Style,Martial Arts Powers,DB,2-Enc,A,Side Kick,On hit; normal Dmgрџ’Ґ and push target d4sq
,"Martial Arts Powers - Spinning BackfistвљЎ (1-Enc, A) вћЎ On hit; Dmgрџ’Ґ+d4 and Mightрџ’Є or target falls Prone",Power,Combat Style,Martial Arts Powers,DB,1-Enc,A,Spinning Backfist,On hit; Dmgрџ’Ґ+d4 and Mightрџ’Є or target falls Prone
,"Martial Arts Powers - Stunning PalmвљЎ (2-Enc, A) вћЎ On hit; normal Dmgрџ’Ґ and MotionрџЏѓ or target Stunned",Power,Combat Style,Martial Arts Powers,DB,2-Enc,A,Stunning Palm,On hit; normal Dmgрџ’Ґ and MotionрџЏѓ or target Stunned
,"Martial Arts Powers - Sweep KickвљЎ (2-Enc, A) вћЎ Atk all adjacent foes for Dmgрџ’Ґ d4; wounded targets fall Prone",Power,Combat Style,Martial Arts Powers,DB,2-Enc,A,Sweep Kick,Atk all adjacent foes for Dmgрџ’Ґ d4; wounded targets fall Prone
,"Martial Arts Powers - Tiger ClawвљЎ (2-Enc, A) вћЎ Make 2 unarmed Atk; if both hit, each is Dmgрџ’Ґ+1",Power,Combat Style,Martial Arts Powers,DB,2-Enc,A,Tiger Claw,"Make 2 unarmed Atk; if both hit, each is Dmgрџ’Ґ+1"
,"Martial Arts Powers - Wall Run KickвљЎ (1-Enc, AM) вћЎ Run along wall/obstacle up to MRрџ‘Ј; normal Atk & Dmgрџ’Ґ on landing",Power,Combat Style,Martial Arts Powers,DB,1-Enc,AM,Wall Run Kick,Run along wall/obstacle up to MRрџ‘Ј; normal Atk & Dmgрџ’Ґ on landing
,"Monk Powers - Afterimage StepвљЎ (1-Day, P) вћЎ Use before Def roll; 1 melee Atk vs you auto-misses",Power,Class,Monk Powers,DB,1-Day,P,Afterimage Step,Use before Def roll; 1 melee Atk vs you auto-misses
,"Monk Powers - Cobra StanceвљЎ (1-Rnd, P) вћЎ Dodge+2 for 1 rnd; req unarmored or very light armor",Power,Class,Monk Powers,DB,1-Rnd,P,Cobra Stance,Dodge+2 for 1 rnd; req unarmored or very light armor
,"Monk Powers - Crane StanceвљЎ (1-Rnd, P) вћЎ Def+2 for 1 rnd; req unarmored or very light armor",Power,Class,Monk Powers,DB,1-Rnd,P,Crane Stance,Def+2 for 1 rnd; req unarmored or very light armor
,"Monk Powers - Echo StrikeвљЎ (1-Enc, M) вћЎ Repeat last Atk/Dmgрџ’Ґ with same result",Power,Class,Monk Powers,DB,1-Enc,M,Echo Strike,Repeat last Atk/Dmgрџ’Ґ with same result
,"Monk Powers - Feather StepвљЎ (1-Enc, M) вћЎ MotionрџЏѓ actions (e.g. silence, balance, acrobatics,etc) at Advantage",Power,Class,Monk Powers,DB,1-Enc,M,Feather Step,"MotionрџЏѓ actions (e.g. silence, balance, acrobatics,etc) at Advantage"
,"Monk Powers - Ki FocusвљЎ (1-LuckрџЌЂ, F) вћЎ Spend 1 LuckрџЌЂ; Roll+2",Power,Class,Monk Powers,DB,1-LuckрџЌЂ,F,Ki Focus,Spend 1 LuckрџЌЂ; Roll+2
,"Monk Powers - MeditationвљЎ (1-Enc, AM) вћЎ Spend 1 rnd in focus (no other actions); regain 1 LuckрџЌЂ",Power,Class,Monk Powers,DB,1-Enc,AM,Meditation,Spend 1 rnd in focus (no other actions); regain 1 LuckрџЌЂ
,"Monk Powers - Mind Over BodyвљЎ (1-Enc, P) вћЎ ResistвњЁ poison/disease at Advantage",Power,Class,Monk Powers,DB,1-Enc,P,Mind Over Body,ResistвњЁ poison/disease at Advantage
,"Monk Powers - Monkey StanceвљЎ (1-Rnd, P) вћЎ ARрџ§Ґ+2 vs ranged Dmgрџ’Ґ for 1 rnd; req unarmored or very light armor",Power,Class,Monk Powers,DB,1-Rnd,P,Monkey Stance,ARрџ§Ґ+2 vs ranged Dmgрџ’Ґ for 1 rnd; req unarmored or very light armor
,"Monk Powers - Panda StanceвљЎ (1-Rnd, P) вћЎ Immune to Fear/Charm for 1 rnd; req unarmored or very light armor",Power,Class,Monk Powers,DB,1-Rnd,P,Panda Stance,Immune to Fear/Charm for 1 rnd; req unarmored or very light armor
,"Monk Powers - Perfect TimingвљЎ (1-Enc, F) вћЎ Nishрџљ©+2 on next roll",Power,Class,Monk Powers,DB,1-Enc,F,Perfect Timing,Nishрџљ©+2 on next roll
,"Monk Powers - Stone StillnessвљЎ (1-Day, AM) вћЎ Remain motionless; Advantage on detection checks",Power,Class,Monk Powers,DB,1-Day,AM,Stone Stillness,Remain motionless; Advantage on detection checks
,"Monk Powers - Turtle StanceвљЎ (1-Enc, P) вћЎ Regain 1 Vitвќ¤пёЏ and SavesвњЁ+2 for 1 rnd; req unarmored or very light armor",Power,Class,Monk Powers,DB,1-Enc,P,Turtle Stance,Regain 1 Vitвќ¤пёЏ and SavesвњЁ+2 for 1 rnd; req unarmored or very light armor
,"Monk Powers - Uncanny DodgeвљЎ (1-Enc, P) вћЎ Gain Advantage on 1 Defense roll this rnd",Power,Class,Monk Powers,DB,1-Enc,P,Uncanny Dodge,Gain Advantage on 1 Defense roll this rnd
,"Monk Powers - Wall RunвљЎ (1-Enc, M) вћЎ Move across walls/obstacles up to MRрџ‘Ј; MotionрџЏѓ if risky",Power,Class,Monk Powers,DB,1-Enc,M,Wall Run,Move across walls/obstacles up to MRрџ‘Ј; MotionрџЏѓ if risky
,"Monk Powers - Wholeness of BodyвљЎ (1-Rnd, P) вћЎ Restore 2 Vitвќ¤пёЏ to yourself",Power,Class,Monk Powers,DB,1-Rnd,P,Wholeness of Body,Restore 2 Vitвќ¤пёЏ to yourself
,"Nelf Powers - Cheerful BluffвљЎ (1-Enc, P) вћЎ Mindрџ‘ЃпёЏ social roll with Advantage.",Power,Race,Nelf Powers,DB,1-Enc,P,Cheerful Bluff,Mindрџ‘ЃпёЏ social roll with Advantage.
,"Nelf Powers - Comforting AuraвљЎ (1-Enc, P) вћЎ Allies nearby ResistвњЁ+1 vs fearfor Encounter",Power,Race,Nelf Powers,DB,1-Enc,P,Comforting Aura,Allies nearby ResistвњЁ+1 vs fearfor Encounter
,"Nelf Powers - Community SpiritвљЎ (1-Day, F) вћЎ Ally reroll one failed roll",Power,Race,Nelf Powers,DB,1-Day,F,Community Spirit,Ally reroll one failed roll
,"Nelf Powers - Halfling CourageвљЎ (1-Enc, P) вћЎ ResistвњЁ with Advantage vs fear/charm",Power,Race,Nelf Powers,DB,1-Enc,P,Halfling Courage,ResistвњЁ with Advantage vs fear/charm
,"Nelf Powers - Hearth MagicвљЎ (1-Day, A) вћЎ Heal 1 Vitвќ¤пёЏ to all allies",Power,Race,Nelf Powers,DB,1-Day,A,Hearth Magic,Heal 1 Vitвќ¤пёЏ to all allies
,"Nelf Powers - Hide in Plain SightвљЎ (1-Enc, P) вћЎ If still; Stealth with Advantage until you act",Power,Race,Nelf Powers,DB,1-Enc,P,Hide in Plain Sight,If still; Stealth with Advantage until you act
,"Nelf Powers - Nimble StepвљЎ (1-Enc, M) вћЎ Ignore rough terrain and all MRрџ‘Ј impairments this rnd",Power,Race,Nelf Powers,DB,1-Enc,M,Nimble Step,Ignore rough terrain and all MRрџ‘Ј impairments this rnd
,"Nelf Powers - Pocket LuckрџЌЂвљЎ (1-LuckрџЌЂ, P) вћЎ Add +d4 to 1 roll",Power,Race,Nelf Powers,DB,1-LuckрџЌЂ,P,Pocket LuckрџЌЂ,Add +d4 to 1 roll
,"Nelf Powers - Slip AwayвљЎ (1-Enc, P) вћЎ Escape bonds/grapples; MotionрџЏѓ with Advantage",Power,Race,Nelf Powers,DB,1-Enc,P,Slip Away,Escape bonds/grapples; MotionрџЏѓ with Advantage
,"Nelf Powers - Stone TossвљЎ (1-Rnd, A) вћЎ Stone's Dmgрџ’Ґ+1",Power,Race,Nelf Powers,DB,1-Rnd,A,Stone Toss,Stone's Dmgрџ’Ґ+1
,"Nymph Powers - Bond of the GladeвљЎ (1-Enc, F) вћЎ Mindрџ‘ЃпёЏSense nearby illusions, glamours, or nature magic",Power,Race,Nymph Powers,DB,1-Enc,F,Bond of the Glade,"Mindрџ‘ЃпёЏSense nearby illusions, glamours, or nature magic"
,"Nymph Powers - Dance of Light & ShadowвљЎ (1-Enc, AM) вћЎ Move double MRрџ‘Ј; Mindрџ‘ЃпёЏ or nearby foes Weakened 1 rnd",Power,Race,Nymph Powers,DB,1-Enc,AM,Dance of Light & Shadow,Move double MRрџ‘Ј; Mindрџ‘ЃпёЏ or nearby foes Weakened 1 rnd
,"Nymph Powers - Fey ResilienceвљЎ (1-Day, P) вћЎ ResistвњЁ with Advantage vs charm/fearfor Encounter",Power,Race,Nymph Powers,DB,1-Day,P,Fey Resilience,ResistвњЁ with Advantage vs charm/fearfor Encounter
,"Nymph Powers - Fey StepвљЎ (1-Enc, F) вћЎ Teleport 3sq to visible spot",Power,Race,Nymph Powers,DB,1-Enc,F,Fey Step,Teleport 3sq to visible spot
,"Nymph Powers - FeytongueвљЎ (1-Day, F) вћЎ Mindрџ‘ЃпёЏ speak any language for encounter",Power,Race,Nymph Powers,DB,1-Day,F,Feytongue,Mindрџ‘ЃпёЏ speak any language for encounter
,"Nymph Powers - Flow Like WaterвљЎ (1-Enc, P) вћЎ Break melle without provoking Atks",Power,Race,Nymph Powers,DB,1-Enc,P,Flow Like Water,Break melle without provoking Atks
,"Nymph Powers - Glamour ShiftвљЎ (1-Day, P) вћЎ Change appearance completely (similarsize) for Encounter",Power,Race,Nymph Powers,DB,1-Day,P,Glamour Shift,Change appearance completely (similarsize) for Encounter
,"Nymph Powers - Illusory TerrainвљЎ (1-Enc, A) вћЎ Create illusory hazard/cover in 3x3sq; Mindрџ‘ЃпёЏ or foes believe",Power,Race,Nymph Powers,DB,1-Enc,A,Illusory Terrain,Create illusory hazard/cover in 3x3sq; Mindрџ‘ЃпёЏ or foes believe
,"Nymph Powers - NatureвЂ™s KissвљЎ (1-Enc, A) вћЎ Heal self 2 Vitвќ¤пёЏ or Heal ally 1 Vitвќ¤пёЏ",Power,Race,Nymph Powers,DB,1-Enc,A,NatureвЂ™s Kiss,Heal self 2 Vitвќ¤пёЏ or Heal ally 1 Vitвќ¤пёЏ
,"Nymph Powers - Veil of BeautyвљЎ (1-Enc, A) вћЎ Mindрџ‘ЃпёЏ or target is Charmed 1 rnd (does suggestive bidding if not extreme)",Power,Race,Nymph Powers,DB,1-Enc,A,Veil of Beauty,Mindрџ‘ЃпёЏ or target is Charmed 1 rnd (does suggestive bidding if not extreme)
,"Orc Powers - Blood FuryвљЎ (1-Enc, P) вћЎ Enter rage; Dmgрџ’Ґ+2 and Def-2 for Encounter",Power,Race,Orc Powers,DB,1-Enc,P,Blood Fury,Enter rage; Dmgрџ’Ґ+2 and Def-2 for Encounter
,"Orc Powers - Hunt InstinctвљЎ (1-Enc, P) вћЎ Tracking/Scout with Advantage",Power,Race,Orc Powers,DB,1-Enc,P,Hunt Instinct,Tracking/Scout with Advantage
,"Orc Powers - Iron StaminaвљЎ (1-Enc, P) вћЎ Heal self 1d4",Power,Race,Orc Powers,DB,1-Enc,P,Iron Stamina,Heal self 1d4
,"Orc Powers - Orc ResilienceвљЎ (1-Day, F) вћЎ Negate Stunned or Weakened or similar",Power,Race,Orc Powers,DB,1-Day,F,Orc Resilience,Negate Stunned or Weakened or similar
,"Orc Powers - Reckless ChargeвљЎ (1-Enc, AM) вћЎ Move double MRрџ‘Ј; Melee Dmgрџ’Ґ+d4; Def-2, 1 rnd",Power,Race,Orc Powers,DB,1-Enc,AM,Reckless Charge,"Move double MRрџ‘Ј; Melee Dmgрџ’Ґ+d4; Def-2, 1 rnd"
,"Orc Powers - Savage StrikeвљЎ (1-Enc, A) вћЎ Melee Atk; Dmgрџ’Ґ+2",Power,Race,Orc Powers,DB,1-Enc,A,Savage Strike,Melee Atk; Dmgрџ’Ґ+2
,"Orc Powers - Smash GateвљЎ (1-Enc, A) вћЎ Break barrier/object; Mightрџ’Є with Advantage",Power,Race,Orc Powers,DB,1-Enc,A,Smash Gate,Break barrier/object; Mightрџ’Є with Advantage
,"Orc Powers - Tribal BondвљЎ (1-Enc, P) вћЎ Allies Nishрџљ©+1 for Encounter",Power,Race,Orc Powers,DB,1-Enc,P,Tribal Bond,Allies Nishрџљ©+1 for Encounter
,"Orc Powers - Tusks & ClawsвљЎ (2-Enc, A) вћЎ Brawl Dmgрџ’Ґ+1d",Power,Race,Orc Powers,DB,2-Enc,A,Tusks & Claws,Brawl Dmgрџ’Ґ+1d
,"Orc Powers - WarCryвљЎ (1-Enc, A) вћЎ Foes in 2sq Mindрџ‘ЃпёЏ or flee 1 rnd",Power,Race,Orc Powers,DB,1-Enc,A,WarCry,Foes in 2sq Mindрџ‘ЃпёЏ or flee 1 rnd
,"Psionic Sentinel Powers - Blade of Thought TechniqueвљЎ (1-Enc, A) вћЎ On hit with longsword; MagicвњЁ force Dmgрџ’Ґ+1 and push target 1sq.",Power,Class,Psionic Sentinel Powers,DB,1-Enc,A,Blade of Thought Technique,On hit with longsword; MagicвњЁ force Dmgрџ’Ґ+1 and push target 1sq.
,"Psionic Sentinel Powers - Blink AssaultвљЎ (1-Enc, AM) вћЎ Teleport up to 6sq, then make 1 Atkвљ”пёЏ this rnd; on hit, MagicвњЁ force Dmgрџ’Ґ+1.",Power,Class,Psionic Sentinel Powers,DB,1-Enc,AM,Blink Assault,"Teleport up to 6sq, then make 1 Atkвљ”пёЏ this rnd; on hit, MagicвњЁ force Dmgрџ’Ґ+1."
,"Psionic Sentinel Powers - Defensive StanceвљЎ (1-Enc, P) вћЎ Def+2 for 1 rnd.",Power,Class,Psionic Sentinel Powers,DB,1-Enc,P,Defensive Stance,Def+2 for 1 rnd.
,"Psionic Sentinel Powers - Echo SlashвљЎ (2-Enc, A) вћЎ Line 3sq; make 1 Atkвљ”пёЏ vs each foe in line; on hit; Dmgрџ’Ґ at вЂ“1d (no uplift).",Power,Class,Psionic Sentinel Powers,DB,2-Enc,A,Echo Slash,Line 3sq; make 1 Atkвљ”пёЏ vs each foe in line; on hit; Dmgрџ’Ґ at вЂ“1d (no uplift).
,"Psionic Sentinel Powers - Flurry of Mental BlowsвљЎ (1-Enc, A) вћЎ Make 2 unarmedрџҐЉ Atks this rnd; each Dmgрџ’Ґ d4 (no uplift).",Power,Class,Psionic Sentinel Powers,DB,1-Enc,A,Flurry of Mental Blows,Make 2 unarmedрџҐЉ Atks this rnd; each Dmgрџ’Ґ d4 (no uplift).
,"Psionic Sentinel Powers - Focused StrikeвљЎ (1-Enc, A) вћЎ Atkвљ”пёЏ+2 for this Atk; on hit; Dmgрџ’Ґ+1.",Power,Class,Psionic Sentinel Powers,DB,1-Enc,A,Focused Strike,Atkвљ”пёЏ+2 for this Atk; on hit; Dmgрџ’Ґ+1.
,"Psionic Sentinel Powers - Iron WillвљЎ (1-Day, F) вћЎ Remove 1 condition (Stunned or Weakened).",Power,Class,Psionic Sentinel Powers,DB,1-Day,F,Iron Will,Remove 1 condition (Stunned or Weakened).
,"Psionic Sentinel Powers - Mind DashвљЎ (1-Enc, M) вћЎ Move double MRрџ‘Ј this rnd.",Power,Class,Psionic Sentinel Powers,DB,1-Enc,M,Mind Dash,Move double MRрџ‘Ј this rnd.
,"Psionic Sentinel Powers - Mind LanceвљЎ (1-Day, A) вћЎ MagicвњЁ AtkрџЋЇ 6sq; on hit; MagicвњЁ force Dmgрџ’Ґ d8 and Mindрџ‘ЃпёЏ or target is Weakened for 1 rnd.",Power,Class,Psionic Sentinel Powers,DB,1-Day,A,Mind Lance,MagicвњЁ AtkрџЋЇ 6sq; on hit; MagicвњЁ force Dmgрџ’Ґ d8 and Mindрџ‘ЃпёЏ or target is Weakened for 1 rnd.
,"Psionic Sentinel Powers - Mind Over BodyвљЎ (1-Day, P) вћЎ ResistвњЁ poison/disease with Advantage and Heal self 1d4.",Power,Class,Psionic Sentinel Powers,DB,1-Day,P,Mind Over Body,ResistвњЁ poison/disease with Advantage and Heal self 1d4.
,"Psionic Sentinel Powers - Phantom StepвљЎ (2-Enc, M) вћЎ Move MRрџ‘Ј; you do not provoke opportunity Atks this rnd.",Power,Class,Psionic Sentinel Powers,DB,2-Enc,M,Phantom Step,Move MRрџ‘Ј; you do not provoke opportunity Atks this rnd.
,"Psionic Sentinel Powers - Psionic BarrierвљЎ (1-Enc, P) вћЎ Allies within 2sq gain ARрџ§Ґ+1 for 1 rnd.",Power,Class,Psionic Sentinel Powers,DB,1-Enc,P,Psionic Barrier,Allies within 2sq gain ARрџ§Ґ+1 for 1 rnd.
,"Psionic Sentinel Powers - Psionic BladeвљЎ (1-Enc, A) вћЎ On hit; MagicвњЁ force Dmgрџ’Ґ+1 and Mindрџ‘ЃпёЏ or target is Weakened for 1 rnd.",Power,Class,Psionic Sentinel Powers,DB,1-Enc,A,Psionic Blade,On hit; MagicвњЁ force Dmgрџ’Ґ+1 and Mindрџ‘ЃпёЏ or target is Weakened for 1 rnd.
,"Psionic Sentinel Powers - Psionic LeapвљЎ (1-Enc, M) вћЎ Jump or vault up to MRрџ‘Ј ignoring difficult terrain.",Power,Class,Psionic Sentinel Powers,DB,1-Enc,M,Psionic Leap,Jump or vault up to MRрџ‘Ј ignoring difficult terrain.
,"Psionic Sentinel Powers - Psionic PushвљЎ (1-Enc, P) вћЎ MagicвњЁ Atk; on hit; push target 2sq.",Power,Class,Psionic Sentinel Powers,DB,1-Enc,P,Psionic Push,MagicвњЁ Atk; on hit; push target 2sq.
,"Psionic Sentinel Powers - Sever ThoughtвљЎ (1-Day, A) вћЎ On hit; Mindрџ‘ЃпёЏ or target cannot use MagicвњЁ PowersвљЎ for 1 rnd.",Power,Class,Psionic Sentinel Powers,DB,1-Day,A,Sever Thought,On hit; Mindрџ‘ЃпёЏ or target cannot use MagicвњЁ PowersвљЎ for 1 rnd.
,"Psionic Sentinel Powers - Stunning PalmвљЎ (1-Enc, A) вћЎ On unarmedрџҐЉ hit; Dmgрџ’Ґ d4 and Mindрџ‘ЃпёЏ or target is Stunned for 1 rnd.",Power,Class,Psionic Sentinel Powers,DB,1-Enc,A,Stunning Palm,On unarmedрџҐЉ hit; Dmgрџ’Ґ d4 and Mindрџ‘ЃпёЏ or target is Stunned for 1 rnd.
,"Psionic Sentinel Powers - Telekinetic CrushвљЎ (1-Enc, A) вћЎ MagicвњЁ AtkрџЋЇ 4sq; on hit; Dmgрџ’Ґ d6 and target is Immobilized for 1 rnd.",Power,Class,Psionic Sentinel Powers,DB,1-Enc,A,Telekinetic Crush,MagicвњЁ AtkрџЋЇ 4sq; on hit; Dmgрџ’Ґ d6 and target is Immobilized for 1 rnd.
,"Psionic Sentinel Powers - Telekinetic GlideвљЎ (1-Enc, M) вћЎ Teleport up to 8sq to a visible square on solid ground.",Power,Class,Psionic Sentinel Powers,DB,1-Enc,M,Telekinetic Glide,Teleport up to 8sq to a visible square on solid ground.
,"Psionic Sentinel Powers - Uncanny Dodge (Mental Reflex)вљЎ (1-Enc, P) вћЎ Gain Advantage on 1 DodgeрџЏѓ roll this rnd.",Power,Class,Psionic Sentinel Powers,DB,1-Enc,P,Uncanny Dodge (Mental Reflex),Gain Advantage on 1 DodgeрџЏѓ roll this rnd.
,"Ranger Powers - Acrobatics RollвљЎ (2-Enc, P) вћЎ Avoid fall Dmgрџ’Ґ or escape grapple; MotionрџЏѓ acrobatics roll",Power,Class,Ranger Powers,DB,2-Enc,P,Acrobatics Roll,Avoid fall Dmgрџ’Ґ or escape grapple; MotionрџЏѓ acrobatics roll
,"Ranger Powers - Animal EmpathyвљЎ (1-Enc, A) вћЎ Calm or befriend 1 beast; Mindрџ‘ЃпёЏ animal handling roll",Power,Class,Ranger Powers,DB,1-Enc,A,Animal Empathy,Calm or befriend 1 beast; Mindрџ‘ЃпёЏ animal handling roll
,"Ranger Powers - BackstabвљЎ (1-Enc, A) вћЎ If attacking from behind/hidden, MotionрџЏѓ Atk roll for +2 Dmgрџ’Ґ",Power,Class,Ranger Powers,DB,1-Enc,A,Backstab,"If attacking from behind/hidden, MotionрџЏѓ Atk roll for +2 Dmgрџ’Ґ"
,"Ranger Powers - CamouflageвљЎ (2-Enc, P) вћЎ Advantage on 1 MotionрџЏѓ stealth roll outdoors",Power,Class,Ranger Powers,DB,2-Enc,P,Camouflage,Advantage on 1 MotionрџЏѓ stealth roll outdoors
,"Ranger Powers - Deadeye ShotвљЎ (3-Enc, A) вћЎ Blast of sound; MagicвњЁ to push back foes",Power,Class,Ranger Powers,DB,3-Enc,A,Deadeye Shot,Blast of sound; MagicвњЁ to push back foes
,"Ranger Powers - DungeoneerвЂ™s SenseвљЎ (1-Enc, P) вћЎ GMрџ”Ћ reveals 1 hidden feature when you succeed Mindрџ‘ЃпёЏ perception",Power,Class,Ranger Powers,DB,1-Enc,P,DungeoneerвЂ™s Sense,GMрџ”Ћ reveals 1 hidden feature when you succeed Mindрџ‘ЃпёЏ perception
,"Ranger Powers - Escape ArtistвљЎ (1-Enc, P) вћЎ Slip out of bonds, nets, grapples; MotionрџЏѓ escape roll",Power,Class,Ranger Powers,DB,1-Enc,P,Escape Artist,"Slip out of bonds, nets, grapples; MotionрџЏѓ escape roll"
,"Ranger Powers - EvasionвљЎ (2-Enc, F) вћЎ Automatically dodge 1 trap/hazard (no roll)",Power,Class,Ranger Powers,DB,2-Enc,F,Evasion,Automatically dodge 1 trap/hazard (no roll)
,"Ranger Powers - MountaineerвЂ™s GripвљЎ (1-Enc, P) вћЎ Advantage on MotionрџЏѓ climbing rolls",Power,Class,Ranger Powers,DB,1-Enc,P,MountaineerвЂ™s Grip,Advantage on MotionрџЏѓ climbing rolls
,"Ranger Powers - RangerвЂ™s MarkвљЎ (1-Enc, P) вћЎ Mark target; all allies deal +1 Dmgрџ’Ґ vs that foe",Power,Class,Ranger Powers,DB,1-Enc,P,RangerвЂ™s Mark,Mark target; all allies deal +1 Dmgрџ’Ґ vs that foe
,"Ranger Powers - Terrain MasteryвљЎ (1-Enc, P) вћЎ +2 to MotionрџЏѓ & Mindрџ‘ЃпёЏ rolls in familiARрџ§Ґterrain (forest, desert, etc.)",Power,Class,Ranger Powers,DB,1-Enc,P,Terrain Mastery,"+2 to MotionрџЏѓ & Mindрџ‘ЃпёЏ rolls in familiARрџ§Ґterrain (forest, desert, etc.)"
,"Shadowfist Healer-Monk Powers - Aura of Balance (Major)вљЎ (1-Day, A) вћЎ Allies in 2sq heal d4; you suffer Dmgрџ’Ґ-1 for 1 rnd",Power,Class,Shadowfist Healer-Monk Powers,DB,1-Day,A,Aura of Balance (Major),Allies in 2sq heal d4; you suffer Dmgрџ’Ґ-1 for 1 rnd
,"Shadowfist Healer-Monk Powers - Aura of BalanceвЂ”MinorвљЎ (1-Enc, A) вћЎ Allies in 2sq Heal 1",Power,Class,Shadowfist Healer-Monk Powers,DB,1-Enc,A,Aura of BalanceвЂ”Minor,Allies in 2sq Heal 1
,"Shadowfist Healer-Monk Powers - Balance WardвљЎ (1-Rnd, P) вћЎ Allies nearby gain ARрџ§Ґ+1 for 1 rnd",Power,Class,Shadowfist Healer-Monk Powers,DB,1-Rnd,P,Balance Ward,Allies nearby gain ARрџ§Ґ+1 for 1 rnd
,"Shadowfist Healer-Monk Powers - Breath of StillnessвљЎ (1-Enc, P) вћЎ Ends bleeding and SavesвњЁ+1 to target for 1 rnd",Power,Class,Shadowfist Healer-Monk Powers,DB,1-Enc,P,Breath of Stillness,Ends bleeding and SavesвњЁ+1 to target for 1 rnd
,"Shadowfist Healer-Monk Powers - Cloak of DarknessвљЎ (1-Enc, P) вћЎ Become Invisible for 1 rnd",Power,Class,Shadowfist Healer-Monk Powers,DB,1-Enc,P,Cloak of Darkness,Become Invisible for 1 rnd
,"Shadowfist Healer-Monk Powers - Crane StanceвљЎ (1-Rnd, P) вћЎ Def+2 for 1 rnd",Power,Class,Shadowfist Healer-Monk Powers,DB,1-Rnd,P,Crane Stance,Def+2 for 1 rnd
,"Shadowfist Healer-Monk Powers - Deflect MissilesвљЎ (1-Rnd, P) вћЎ ARрџ§Ґ+2 vs Missiles",Power,Class,Shadowfist Healer-Monk Powers,DB,1-Rnd,P,Deflect Missiles,ARрџ§Ґ+2 vs Missiles
,"Shadowfist Healer-Monk Powers - Flurry of BlowsвљЎ (1-Enc, A) вћЎ Make 2 unarmed Atks, d4 Dmgрџ’Ґ each this rnd",Power,Class,Shadowfist Healer-Monk Powers,DB,1-Enc,A,Flurry of Blows,"Make 2 unarmed Atks, d4 Dmgрџ’Ґ each this rnd"
,"Shadowfist Healer-Monk Powers - Ki CenteringвљЎ (1-Enc, AM) вћЎ Spend 1 rnd in focus (no other actions); regain 1 LuckрџЌЂ",Power,Class,Shadowfist Healer-Monk Powers,DB,1-Enc,AM,Ki Centering,Spend 1 rnd in focus (no other actions); regain 1 LuckрџЌЂ
,"Shadowfist Healer-Monk Powers - Ki SurgeвљЎ (2-Enc, F) вћЎ For 1 rnd, choose: Atk+2, Def+2, or ResistвњЁ+2",Power,Class,Shadowfist Healer-Monk Powers,DB,2-Enc,F,Ki Surge,"For 1 rnd, choose: Atk+2, Def+2, or ResistвњЁ+2"
,"Shadowfist Healer-Monk Powers - Merciful IntercessionвљЎ (1-Enc, P) вћЎ 1 ally cannot be attacked until they act",Power,Class,Shadowfist Healer-Monk Powers,DB,1-Enc,P,Merciful Intercession,1 ally cannot be attacked until they act
,"Shadowfist Healer-Monk Powers - Pressure ChainвљЎ (1-Enc, F) вћЎ If unarmed Atk hits same target 2 rnds in a row; gain Def+2 for Encounter",Power,Class,Shadowfist Healer-Monk Powers,DB,1-Enc,F,Pressure Chain,If unarmed Atk hits same target 2 rnds in a row; gain Def+2 for Encounter
,"Shadowfist Healer-Monk Powers - Pressure-Point StrikeвљЎ (1-Day, A) вћЎ On hit; target MRрџ‘Ј-2 for Encounter",Power,Class,Shadowfist Healer-Monk Powers,DB,1-Day,A,Pressure-Point Strike,On hit; target MRрџ‘Ј-2 for Encounter
,"Shadowfist Healer-Monk Powers - Purging BreathвљЎ (2-Day, A) вћЎ Cleanse 1 condition (Poison, Disease, Fatigue, Fear, Charm, Confusion, Stunned, Paralysis) from an ally",Power,Class,Shadowfist Healer-Monk Powers,DB,2-Day,A,Purging Breath,"Cleanse 1 condition (Poison, Disease, Fatigue, Fear, Charm, Confusion, Stunned, Paralysis) from an ally"
,"Shadowfist Healer-Monk Powers - Rejuvenating TouchвљЎ (3-Enc, A) вћЎ Heals d4",Power,Class,Shadowfist Healer-Monk Powers,DB,3-Enc,A,Rejuvenating Touch,Heals d4
,"Shadowfist Healer-Monk Powers - ReviveвљЎ (1-Day, A) вћЎ Restore 1 ally at negative Vitвќ¤пёЏ to 1 Vitвќ¤пёЏ",Power,Class,Shadowfist Healer-Monk Powers,DB,1-Day,A,Revive,Restore 1 ally at negative Vitвќ¤пёЏ to 1 Vitвќ¤пёЏ
,"Shadowfist Healer-Monk Powers - Shadow GlideвљЎ (1-Enc, M) вћЎ Move double MRрџ‘Ј this rnd",Power,Class,Shadowfist Healer-Monk Powers,DB,1-Enc,M,Shadow Glide,Move double MRрџ‘Ј this rnd
,"Shadowfist Healer-Monk Powers - Shadow HospiceвљЎ (1-Day, F) вћЎ If ally in 2sq would drop to 0; set them to 1 Vitвќ¤пёЏ instead",Power,Class,Shadowfist Healer-Monk Powers,DB,1-Day,F,Shadow Hospice,If ally in 2sq would drop to 0; set them to 1 Vitвќ¤пёЏ instead
,"Shadowfist Healer-Monk Powers - Shared Vitвќ¤пёЏвљЎ (1-Enc, P) вћЎ Transfer up to 2 of your Vitвќ¤пёЏ to adjacent ally",Power,Class,Shadowfist Healer-Monk Powers,DB,1-Enc,P,Shared Vitвќ¤пёЏ,Transfer up to 2 of your Vitвќ¤пёЏ to adjacent ally
,"Shadowfist Healer-Monk Powers - Slow Breath (Restorative)вљЎ (1-Enc, P) вћЎ Regain 1 Vitвќ¤пёЏ and ResistвњЁ+2 for 1 rnd",Power,Class,Shadowfist Healer-Monk Powers,DB,1-Enc,P,Slow Breath (Restorative),Regain 1 Vitвќ¤пёЏ and ResistвњЁ+2 for 1 rnd
,"Shadowfist Healer-Monk Powers - Stonefang StaffworkвљЎ (2-Enc, P) вћЎ If staff Atk hits; push target 1sq",Power,Class,Shadowfist Healer-Monk Powers,DB,2-Enc,P,Stonefang Staffwork,If staff Atk hits; push target 1sq
,"Shadowfist Healer-Monk Powers - Stunning PalmвљЎ (2-Enc, A) вћЎ On unarmed hit; d4 Dmgрџ’Ґ and target Stunned 1 rnd",Power,Class,Shadowfist Healer-Monk Powers,DB,2-Enc,A,Stunning Palm,On unarmed hit; d4 Dmgрџ’Ґ and target Stunned 1 rnd
,"Shadowfist Healer-Monk Powers - Umbral CounterвљЎ (1-Enc, F) вћЎ On successful Def; make 1 opportunity attack",Power,Class,Shadowfist Healer-Monk Powers,DB,1-Enc,F,Umbral Counter,On successful Def; make 1 opportunity attack
,"Shadowfist Healer-Monk Powers - Umbral FormвљЎ (2-Enc, M) вћЎ Teleport between visible shadows",Power,Class,Shadowfist Healer-Monk Powers,DB,2-Enc,M,Umbral Form,Teleport between visible shadows
,"Shadowfist Healer-Monk Powers - Wholeness of BodyвљЎ (1-Day, P) вћЎ Heal self 2",Power,Class,Shadowfist Healer-Monk Powers,DB,1-Day,P,Wholeness of Body,Heal self 2
,"Single Weapon Powers - Cleaving SwingвљЎ (1-Enc, A) вћЎ On hit; deal half Dmgрџ’Ґ to all adjacent foes with Def в‰¤ the Atk",Power,Combat Style,Single Weapon Powers,DB,1-Enc,A,Cleaving Swing,On hit; deal half Dmgрџ’Ґ to all adjacent foes with Def в‰¤ the Atk
,"Single Weapon Powers - Defensive FlourishвљЎ (1-Enc, P) вћЎ Def+2 for 1 rnd",Power,Combat Style,Single Weapon Powers,DB,1-Enc,P,Defensive Flourish,Def+2 for 1 rnd
,"Single Weapon Powers - Driving AttackвљЎ (1-Rnd, P) вћЎ On hit; Mightрџ’Є to push target 1sq",Power,Combat Style,Single Weapon Powers,DB,1-Rnd,P,Driving Attack,On hit; Mightрџ’Є to push target 1sq
,"Single Weapon Powers - Focused StrikeвљЎ (2-Enc, A) вћЎ Atk+2; 1 Atk",Power,Combat Style,Single Weapon Powers,DB,2-Enc,A,Focused Strike,Atk+2; 1 Atk
,"Single Weapon Powers - Guarded StepвљЎ (1-Rnd, M) вћЎ Move up to 3sq; attempt Blockрџ›ЎпёЏ with weapon to aid ally",Power,Combat Style,Single Weapon Powers,DB,1-Rnd,M,Guarded Step,Move up to 3sq; attempt Blockрџ›ЎпёЏ with weapon to aid ally
,"Single Weapon Powers - Hurl KingвљЎ (1-Enc, P) вћЎ Draw and throw 1 hurled weapon as second Atk/Dmgрџ’Ґ",Power,Combat Style,Single Weapon Powers,DB,1-Enc,P,Hurl King,Draw and throw 1 hurled weapon as second Atk/Dmgрџ’Ґ
,"Single Weapon Powers - Iron FocusвљЎ (1-Day, F) вћЎ Reroll 1 missed Atk with this weapon",Power,Combat Style,Single Weapon Powers,DB,1-Day,F,Iron Focus,Reroll 1 missed Atk with this weapon
,"Single Weapon Powers - Master's RiposteвљЎ (1-Enc, P) вћЎ If foe misses you; get opportunity Atk; 1 roll per use",Power,Combat Style,Single Weapon Powers,DB,1-Enc,P,Master's Riposte,If foe misses you; get opportunity Atk; 1 roll per use
,"Single Weapon Powers - Measured GuardвљЎ (1-Enc, P) вћЎ Blockрџ›ЎпёЏ+1d this rnd",Power,Combat Style,Single Weapon Powers,DB,1-Enc,P,Measured Guard,Blockрџ›ЎпёЏ+1d this rnd
,"Single Weapon Powers - Piercing StrikeвљЎ (3-Enc, A) вћЎ This Atk ignores 1 ARрџ§Ґ (Dmgрџ’Ґ+1 if target has armor)",Power,Combat Style,Single Weapon Powers,DB,3-Enc,A,Piercing Strike,This Atk ignores 1 ARрџ§Ґ (Dmgрџ’Ґ+1 if target has armor)
,"Single Weapon Powers - Precision CutвљЎ (1-Rnd, P) вћЎ On hit; Dmgрџ’Ґ+1",Power,Combat Style,Single Weapon Powers,DB,1-Rnd,P,Precision Cut,On hit; Dmgрџ’Ґ+1
,"Single Weapon Powers - Quick RecoveryвљЎ (1-Enc, F) вћЎ Stand from Prone; no P cost",Power,Combat Style,Single Weapon Powers,DB,1-Enc,F,Quick Recovery,Stand from Prone; no P cost
,"Single Weapon Powers - Relentless FlowвљЎ (1-Enc, F) вћЎ If hit same target with this weapon 2 rnds in a row; Dmgрџ’Ґ+1 vs them for Encounter",Power,Combat Style,Single Weapon Powers,DB,1-Enc,F,Relentless Flow,If hit same target with this weapon 2 rnds in a row; Dmgрџ’Ґ+1 vs them for Encounter
,"Single Weapon Powers - Swift ReadyвљЎ (1-Enc, F) вћЎ Swap to new weapon; no P cost",Power,Combat Style,Single Weapon Powers,DB,1-Enc,F,Swift Ready,Swap to new weapon; no P cost
,"Single Weapon Powers - Weapon ControlвљЎ (1-Enc, P) вћЎ On successful Atk; MotionрџЏѓ disarms target",Power,Combat Style,Single Weapon Powers,DB,1-Enc,P,Weapon Control,On successful Atk; MotionрџЏѓ disarms target
,"Single Weapon Powers - Weapon MasteryвљЎ (2-Enc, P) вћЎ If you attacked last rnd with same weapon; Atk+2 and Dmgрџ’Ґ+2 this rnd",Power,Combat Style,Single Weapon Powers,DB,2-Enc,P,Weapon Mastery,If you attacked last rnd with same weapon; Atk+2 and Dmgрџ’Ґ+2 this rnd
,"TableName - NameвљЎ (Usage, Action) вћЎ Effect",Type,SubType,TableName,Source,Usage,Action,Name,Effect
,"Thief Assassin Powers - Apply PoisonвљЎ (1-Enc, P) вћЎ Coat 1 dagger; next hit this Enc adds Dmgрџ’Ґ+1; target ResistвњЁ or Poisoned",Power,Class,Thief Assassin Powers,DB,1-Enc,P,Apply Poison,Coat 1 dagger; next hit this Enc adds Dmgрџ’Ґ+1; target ResistвњЁ or Poisoned
,"Thief Assassin Powers - AssassinateвљЎ (1-Enc, F) вћЎ On surprise Atkвљ”пёЏ from Hidden; Atk with Advantage, Dmgрџ’Ґ+6; target ResistвњЁ or Stunned",Power,Class,Thief Assassin Powers,DB,1-Enc,F,Assassinate,"On surprise Atkвљ”пёЏ from Hidden; Atk with Advantage, Dmgрџ’Ґ+6; target ResistвњЁ or Stunned"
,"Thief Assassin Powers - BackstabвљЎ (3-Enc, F) вћЎ On hit from StealthрџЏѓDmgрџ’Ґ+4, or rear; Dmgрџ’Ґ+2",Power,Class,Thief Assassin Powers,DB,3-Enc,F,Backstab,"On hit from StealthрџЏѓDmgрџ’Ґ+4, or rear; Dmgрџ’Ґ+2"
,"Thief Assassin Powers - Disable TrapвљЎ (1-Enc, P) вћЎ Disable Trap at Advantage",Power,Class,Thief Assassin Powers,DB,1-Enc,P,Disable Trap,Disable Trap at Advantage
,"Thief Assassin Powers - Distract & DrawвљЎ (1-Enc, P) вћЎ Create brief diversion; nearest foe Mindрџ‘ЃпёЏ or looks away; your next StealthрџЏѓ this rnd gains Advantage",Power,Class,Thief Assassin Powers,DB,1-Enc,P,Distract & Draw,Create brief diversion; nearest foe Mindрџ‘ЃпёЏ or looks away; your next StealthрџЏѓ this rnd gains Advantage
,"Thief Assassin Powers - Ghosting RunвљЎ (1-Enc, M) вћЎ Move up to MRрџ‘Ј; ignore Opp Atk this move",Power,Class,Thief Assassin Powers,DB,1-Enc,M,Ghosting Run,Move up to MRрџ‘Ј; ignore Opp Atk this move
,"Thief Assassin Powers - Mark TargetвљЎ (1-Enc, F) вћЎ Choose 1 visible foe; your next Atkвљ”пёЏ vs that foe this Enc gains Advantage",Power,Class,Thief Assassin Powers,DB,1-Enc,F,Mark Target,Choose 1 visible foe; your next Atkвљ”пёЏ vs that foe this Enc gains Advantage
,"Thief Assassin Powers - Pick LockвљЎ (1-Enc, P) вћЎ Pick Lock with Advantage",Power,Class,Thief Assassin Powers,DB,1-Enc,P,Pick Lock,Pick Lock with Advantage
,"Thief Assassin Powers - Rope RunnerвљЎ (1-Enc, M) вћЎ Climb or descend up to MRрџ‘Ј on rope/wall this rnd; StealthрџЏѓ allowed while moving",Power,Class,Thief Assassin Powers,DB,1-Enc,M,Rope Runner,Climb or descend up to MRрџ‘Ј on rope/wall this rnd; StealthрџЏѓ allowed while moving
,"Thief Assassin Powers - Set AmbushвљЎ (1-Enc, P) вћЎ Choose a square; first Atkвљ”пёЏ you or ally makes into that square this rnd gains Advantage",Power,Class,Thief Assassin Powers,DB,1-Enc,P,Set Ambush,Choose a square; first Atkвљ”пёЏ you or ally makes into that square this rnd gains Advantage
,"Thief Assassin Powers - Shadow StepвљЎ (1-Enc, M) вћЎ Teleport up to MRрџ‘Ј to a visible shadow",Power,Class,Thief Assassin Powers,DB,1-Enc,M,Shadow Step,Teleport up to MRрџ‘Ј to a visible shadow
,"Thief Assassin Powers - Silent TakedownвљЎ (2-Enc, P) вћЎ On hit vs adjacent humanoid; target ResistвњЁ or Stunned",Power,Class,Thief Assassin Powers,DB,2-Enc,P,Silent Takedown,On hit vs adjacent humanoid; target ResistвњЁ or Stunned
,"Thief Assassin Powers - Sleight of HandвљЎ (1-Enc, P) вћЎ Plant/switch/palm a small item with Advantage",Power,Class,Thief Assassin Powers,DB,1-Enc,P,Sleight of Hand,Plant/switch/palm a small item with Advantage
,"Thief Assassin Powers - Slip ThroughвљЎ (1-Enc, M) вћЎ Move through 1 enemyвЂ™s square; that foe Mindрџ‘ЃпёЏ or cannot Opp Atk you this move",Power,Class,Thief Assassin Powers,DB,1-Enc,M,Slip Through,Move through 1 enemyвЂ™s square; that foe Mindрџ‘ЃпёЏ or cannot Opp Atk you this move
,"Thief Assassin Powers - Target AnalysisвљЎ (1-Enc, P) вћЎ Study 1 foe; your next Atkвљ”пёЏ vs that foe gains Advantage",Power,Class,Thief Assassin Powers,DB,1-Enc,P,Target Analysis,Study 1 foe; your next Atkвљ”пёЏ vs that foe gains Advantage
,"Thief Assassin Powers - Twin StrikeвљЎ (1-Enc, A) вћЎ Multi-Atk with main and/or off-hand daggers (no uplift) to Mulit-Atk limit +1",Power,Class,Thief Assassin Powers,DB,1-Enc,A,Twin Strike,Multi-Atk with main and/or off-hand daggers (no uplift) to Mulit-Atk limit +1
,"Thief Assassin Powers - VanishвљЎ (1-Enc, F) вћЎ If unseen; become hidden; you may immediately move up to d4 sq toward a visible shadow",Power,Class,Thief Assassin Powers,DB,1-Enc,F,Vanish,If unseen; become hidden; you may immediately move up to d4 sq toward a visible shadow
,"Thief Assassin Powers - Vitals StrikeвљЎ (1-Enc, P) вћЎ On hit; target ResistвњЁ or Weakened",Power,Class,Thief Assassin Powers,DB,1-Enc,P,Vitals Strike,On hit; target ResistвњЁ or Weakened
,"Thief Assassin Powers - Weighted ThrowвљЎ (2-Enc, A) вћЎ If you are unseen to Target; Hurl dagger at Advantage",Power,Class,Thief Assassin Powers,DB,2-Enc,A,Weighted Throw,If you are unseen to Target; Hurl dagger at Advantage
,"Thief Assassin Powers - Whispered SignalвљЎ (1-Enc, F) вћЎ Allies in earshot gain Nishрџљ©+1 this rnd",Power,Class,Thief Assassin Powers,DB,1-Enc,F,Whispered Signal,Allies in earshot gain Nishрџљ©+1 this rnd
,"Trickster Powers - Aura of CharmвљЎ (1-Enc, A) вћЎ Mindрџ‘ЃпёЏ charms target",Power,Class,Trickster Powers,DB,1-Enc,A,Aura of Charm,Mindрџ‘ЃпёЏ charms target
,"Trickster Powers - DoppelgГ¤nger BluffвљЎ (1-Day, A) вћЎ Impersonate someone nearby; Mindрџ‘ЃпёЏ disguise roll",Power,Class,Trickster Powers,DB,1-Day,A,DoppelgГ¤nger Bluff,Impersonate someone nearby; Mindрџ‘ЃпёЏ disguise roll
,"Trickster Powers - Flash StepвљЎ (1-Enc, M) вћЎ Move double MRрџ‘Ј this rnd",Power,Class,Trickster Powers,DB,1-Enc,M,Flash Step,Move double MRрџ‘Ј this rnd
,"Trickster Powers - Master of DisguiseвљЎ (1-Day, A) вћЎ AppeARрџ§Ґas another person; Mindрџ‘ЃпёЏ disguise roll",Power,Class,Trickster Powers,DB,1-Day,A,Master of Disguise,AppeARрџ§Ґas another person; Mindрџ‘ЃпёЏ disguise roll
,"Trickster Powers - Neon MirageвљЎ (2-Enc, A) вћЎ Create illusory double; Mindрџ‘ЃпёЏ ",Power,Class,Trickster Powers,DB,2-Enc,A,Neon Mirage,Create illusory double; Mindрџ‘ЃпёЏ 
,"Trickster Powers - Phantom GraspвљЎ (1-Enc, A) вћЎ Shadowy hand restrains 1 foe; MagicвњЁ or target Immobilized",Power,Class,Trickster Powers,DB,1-Enc,A,Phantom Grasp,Shadowy hand restrains 1 foe; MagicвњЁ or target Immobilized
,"Trickster Powers - SabotageвљЎ (1-Enc, P) вћЎ Disable 1 object (lock, rope, or gear); Mindрџ‘ЃпёЏ ",Power,Class,Trickster Powers,DB,1-Enc,P,Sabotage,"Disable 1 object (lock, rope, or gear); Mindрџ‘ЃпёЏ "
,"Trickster Powers - Shadow StepвљЎ (2-Enc, M) вћЎ Teleport between shadows",Power,Class,Trickster Powers,DB,2-Enc,M,Shadow Step,Teleport between shadows
,"Trickster Powers - Shadow VeilвљЎ (1-Enc, P) вћЎ Invisible for 1 rnd",Power,Class,Trickster Powers,DB,1-Enc,P,Shadow Veil,Invisible for 1 rnd
,"Trickster Powers - Sleight of HandвљЎ (1-Enc, P) вћЎ Distract, plant, or switch objects on target; MotionрџЏѓ",Power,Class,Trickster Powers,DB,1-Enc,P,Sleight of Hand,"Distract, plant, or switch objects on target; MotionрџЏѓ"
,"Trickster Powers - Smoke BombвљЎ (2-Enc, P) вћЎ Create cloud; next Dodge has Advantage",Power,Class,Trickster Powers,DB,2-Enc,P,Smoke Bomb,Create cloud; next Dodge has Advantage
,"Trickster Powers - Sonic PulseвљЎ (2-Enc, A) вћЎ Blast of sound; Mindрџ‘ЃпёЏ or foes pushed back d4sq",Power,Class,Trickster Powers,DB,2-Enc,A,Sonic Pulse,Blast of sound; Mindрџ‘ЃпёЏ or foes pushed back d4sq
,"Trickster Powers - Techno-BabbleвљЎ (1-Day, A) вћЎ Convince with jargon; Mindрџ‘ЃпёЏ persuasion",Power,Class,Trickster Powers,DB,1-Day,A,Techno-Babble,Convince with jargon; Mindрџ‘ЃпёЏ persuasion
,"Trickster Powers - TricksterвЂ™s FeintвљЎ (1-Enc, P) вћЎ 1 free reroll",Power,Class,Trickster Powers,DB,1-Enc,P,TricksterвЂ™s Feint,1 free reroll
,"Warrior Powers - Battle TranceвљЎ (1-Rnd, P) вћЎ All Mightрџ’Є rolls +2 for 1 rnd",Power,Class,Warrior Powers,DB,1-Rnd,P,Battle Trance,All Mightрџ’Є rolls +2 for 1 rnd
,"Warrior Powers - Berserker RageвљЎ (1-Enc, P) вћЎ Enter rage; Dmgрџ’Ґ+2 and Def-2 for Encounter",Power,Class,Warrior Powers,DB,1-Enc,P,Berserker Rage,Enter rage; Dmgрџ’Ґ+2 and Def-2 for Encounter
,"Warrior Powers - Blood OathвљЎ (1-Enc, P) вћЎ Take 1 Dmgрџ’Ґ; 1 ally gains +2 on next roll",Power,Class,Warrior Powers,DB,1-Enc,P,Blood Oath,Take 1 Dmgрџ’Ґ; 1 ally gains +2 on next roll
,"Warrior Powers - Defensive StanceвљЎ (1-Rnd, P) вћЎ Def+2 for 1 rnd",Power,Class,Warrior Powers,DB,1-Rnd,P,Defensive Stance,Def+2 for 1 rnd
,"Warrior Powers - Earthquake StompвљЎ (2-Day, A) вћЎ Mightрџ’Є or foes in 2sq fall prone",Power,Class,Warrior Powers,DB,2-Day,A,Earthquake Stomp,Mightрџ’Є or foes in 2sq fall prone
,"Warrior Powers - Flame WeaponвљЎ (1-Enc, A) вћЎ Imbue weapon; Dmgрџ’Ґ+1 fire for Encounter",Power,Class,Warrior Powers,DB,1-Enc,A,Flame Weapon,Imbue weapon; Dmgрџ’Ґ+1 fire for Encounter
,"Warrior Powers - Furious ChargeвљЎ (1-Enc, AM) вћЎ Move double MRрџ‘Ј, Atk, and Dmgрџ’Ґ+2",Power,Class,Warrior Powers,DB,1-Enc,AM,Furious Charge,"Move double MRрџ‘Ј, Atk, and Dmgрџ’Ґ+2"
,"Warrior Powers - Iron WillвљЎ (1-Day, F) вћЎ Remove 1 condition (Stunned or Weakened)",Power,Class,Warrior Powers,DB,1-Day,F,Iron Will,Remove 1 condition (Stunned or Weakened)
,"Warrior Powers - Quick ReflexesвљЎ (2-Day, F) вћЎ Next Nishрџљ© has Advantage",Power,Class,Warrior Powers,DB,2-Day,F,Quick Reflexes,Next Nishрџљ© has Advantage
,"Warrior Powers - Rallying ShoutвљЎ (1-Enc, A) вћЎ Allies MRрџ‘Ј+1 for Encounter",Power,Class,Warrior Powers,DB,1-Enc,A,Rallying Shout,Allies MRрџ‘Ј+1 for Encounter
,"Warrior Powers - Second WindвљЎ (2-Enc, A) вћЎ Self heal 2 Vitвќ¤пёЏ",Power,Class,Warrior Powers,DB,2-Enc,A,Second Wind,Self heal 2 Vitвќ¤пёЏ
,"Warrior Powers - Shield WallвљЎ (1-Rnd, P) вћЎ ARрџ§Ґ+2 for 1 rnd",Power,Class,Warrior Powers,DB,1-Rnd,P,Shield Wall,ARрџ§Ґ+2 for 1 rnd
,"Warrior Powers - Taunting ShoutвљЎ (1-Enc, P) вћЎ Mindрџ‘ЃпёЏ or target focuses Atks on you",Power,Class,Warrior Powers,DB,1-Enc,P,Taunting Shout,Mindрџ‘ЃпёЏ or target focuses Atks on you
,"Warrior Powers - WarCryвљЎ (1-Day, A) вћЎ Mindрџ‘ЃпёЏ or foes hesitate/flee 1 rnd",Power,Class,Warrior Powers,DB,1-Day,A,WarCry,Mindрџ‘ЃпёЏ or foes hesitate/flee 1 rnd
,"Warrior Powers - Weapon BreakerвљЎ (1-Enc, P) вћЎ On successful Mightрџ’Є Atk; destroy 1 enemy weapon/shield",Power,Class,Warrior Powers,DB,1-Enc,P,Weapon Breaker,On successful Mightрџ’Є Atk; destroy 1 enemy weapon/shield
,"Warrior Powers - Whirlwind StrikeвљЎ (1-Enc, A) вћЎ Atk all foes adjacent to you",Power,Class,Warrior Powers,DB,1-Enc,A,Whirlwind Strike,Atk all foes adjacent to you
,"Weapon & Shield Powers - Boomerang Blockрџ›ЎпёЏвљЎ (1-Day, F) вћЎ Hurl shield to intercept Atk vs ally; roll Def normally, success = total Blockрџ›ЎпёЏ (no Dmgрџ’Ґ)",Power,Combat Style,Weapon & Shield Powers,DB,1-Day,F,Boomerang Blockрџ›ЎпёЏ,"Hurl shield to intercept Atk vs ally; roll Def normally, success = total Blockрџ›ЎпёЏ (no Dmgрџ’Ґ)"
,"Weapon & Shield Powers - BraceвљЎ (2-Enc, P) вћЎ Platn shield; ARрџ§Ґ+1 for 1 rnd",Power,Combat Style,Weapon & Shield Powers,DB,2-Enc,P,Brace,Platn shield; ARрџ§Ґ+1 for 1 rnd
,"Weapon & Shield Powers - Counter GuardвљЎ (2-Enc, F) вћЎ If foe misses you; Atk+2 vs that target on your next Atk",Power,Combat Style,Weapon & Shield Powers,DB,2-Enc,F,Counter Guard,If foe misses you; Atk+2 vs that target on your next Atk
,"Weapon & Shield Powers - Cover AllyвљЎ (2-Enc, P) вћЎ Adjacent Allies gain Def+2 for 1 rnd",Power,Combat Style,Weapon & Shield Powers,DB,2-Enc,P,Cover Ally,Adjacent Allies gain Def+2 for 1 rnd
,"Weapon & Shield Powers - DefenderвЂ™s FocusвљЎ (1-Enc, P) вћЎ Gain Advantage on next Blockрџ›ЎпёЏ roll",Power,Combat Style,Weapon & Shield Powers,DB,1-Enc,P,DefenderвЂ™s Focus,Gain Advantage on next Blockрџ›ЎпёЏ roll
,"Weapon & Shield Powers - Guard SwapвљЎ (1-Enc, F) вћЎ Swap weapon or stance; no P cost",Power,Combat Style,Weapon & Shield Powers,DB,1-Enc,F,Guard Swap,Swap weapon or stance; no P cost
,"Weapon & Shield Powers - Iron BulwarkвљЎ (1-Enc, P) вћЎ Allies directly behind you gain Def+2 for 1 rnd",Power,Combat Style,Weapon & Shield Powers,DB,1-Enc,P,Iron Bulwark,Allies directly behind you gain Def+2 for 1 rnd
,"Weapon & Shield Powers - Shield BashвљЎ (1-Enc, A) вћЎ Make 1 Atk with shield (use Def as Atk); on hit, deal d4 Dmgрџ’Ґ and Mightрџ’Є or target is Stunned",Power,Combat Style,Weapon & Shield Powers,DB,1-Enc,A,Shield Bash,"Make 1 Atk with shield (use Def as Atk); on hit, deal d4 Dmgрџ’Ґ and Mightрџ’Є or target is Stunned"
,"Weapon & Shield Powers - Shield ChargeвљЎ (1-Day, M) вћЎ Move up to MRрџ‘Ј; Mightрџ’Є vs Def. On success, deal d4 Dmgрџ’Ґ and target is knocked Prone",Power,Combat Style,Weapon & Shield Powers,DB,1-Day,M,Shield Charge,"Move up to MRрџ‘Ј; Mightрџ’Є vs Def. On success, deal d4 Dmgрџ’Ґ and target is knocked Prone"
,"Weapon & Shield Powers - Shield HookвљЎ (1-Enc, P) вћЎ Your Def rolls vs one opponent have Advantage this round",Power,Combat Style,Weapon & Shield Powers,DB,1-Enc,P,Shield Hook,Your Def rolls vs one opponent have Advantage this round
,"Weapon & Shield Powers - Shield RiposteвљЎ (1-Enc, P) вћЎ On successful Blockрџ›ЎпёЏ; immediately make Opportunity Atk",Power,Combat Style,Weapon & Shield Powers,DB,1-Enc,P,Shield Riposte,On successful Blockрџ›ЎпёЏ; immediately make Opportunity Atk
,"Weapon & Shield Powers - Shield ShoveвљЎ (2-Enc, P) вћЎ Mightрџ’Є to shove target d4sq",Power,Combat Style,Weapon & Shield Powers,DB,2-Enc,P,Shield Shove,Mightрџ’Є to shove target d4sq
,"Weapon & Shield Powers - Shield WallвљЎ (1-Rnd, P) вћЎ Def+1 for 1 rnd",Power,Combat Style,Weapon & Shield Powers,DB,1-Rnd,P,Shield Wall,Def+1 for 1 rnd
,"Weapon & Shield Powers - Wall of SteelвљЎ (1-Enc, P) вћЎ Blockрџ›ЎпёЏ+1d this rnd; MRрџ‘Ј0 this rnd",Power,Combat Style,Weapon & Shield Powers,DB,1-Enc,P,Wall of Steel,Blockрџ›ЎпёЏ+1d this rnd; MRрџ‘Ј0 this rnd
,"Weapon & Shield Powers - Weapon & BoardвљЎ (2-Enc, P) вћЎ If you hit with weapon last rnd; Atk+1 and Def+1 for 1 rnd",Power,Combat Style,Weapon & Shield Powers,DB,2-Enc,P,Weapon & Board,If you hit with weapon last rnd; Atk+1 and Def+1 for 1 rnd
,"Weird Powers - Astral ProjectionвљЎ (1-Day, A) вћЎ Project vision for others to see; no roll",Power,Class,Weird Powers,DB,1-Day,A,Astral Projection,Project vision for others to see; no roll
,"Weird Powers - Comprehend LanguagesвљЎ (1-Enc, A) вћЎ Understand written and spoken words; no roll",Power,Class,Weird Powers,DB,1-Enc,A,Comprehend Languages,Understand written and spoken words; no roll
,"Weird Powers - Dream WalkвљЎ (1-Day, A) вћЎ Enter allyвЂ™s dreams; share messages; no roll",Power,Class,Weird Powers,DB,1-Day,A,Dream Walk,Enter allyвЂ™s dreams; share messages; no roll
,"Weird Powers - GraVitвќ¤пёЏy WarpвљЎ (2-Enc, A) вћЎ Foes in AOE suffer MRрџ‘Ј-2; MagicвњЁ",Power,Class,Weird Powers,DB,2-Enc,A,GraVitвќ¤пёЏy Warp,Foes in AOE suffer MRрџ‘Ј-2; MagicвњЁ
,"Weird Powers - LorekeeperвЂ™s RecallвљЎ (1-Day, A) вћЎ Declare 1 statement; GMрџ”Ћ confirms yes or no; no roll",Power,Class,Weird Powers,DB,1-Day,A,LorekeeperвЂ™s Recall,Declare 1 statement; GMрџ”Ћ confirms yes or no; no roll
,"Weird Powers - Neon BeaconвљЎ (1-Enc, P) вћЎ Nishрџљ©+1 to Allies in 6sq",Power,Class,Weird Powers,DB,1-Enc,P,Neon Beacon,Nishрџљ©+1 to Allies in 6sq
,"Weird Powers - Object ReadingвљЎ (1-Enc, A) вћЎ Touch item; MagicвњЁ to learn brief history",Power,Class,Weird Powers,DB,1-Enc,A,Object Reading,Touch item; MagicвњЁ to learn brief history
,"Weird Powers - Polymorph MinorрџЌєвљЎ (1-Enc, A) вћЎ Change form of 1 object; MagicвњЁ",Power,Class,Weird Powers,DB,1-Enc,A,Polymorph MinorрџЌє,Change form of 1 object; MagicвњЁ
,"Weird Powers - Portal StepвљЎ (1-Day, M) вћЎ Open door; teleport anywhere in sight; no roll",Power,Class,Weird Powers,DB,1-Day,M,Portal Step,Open door; teleport anywhere in sight; no roll
,"Weird Powers - Rune TrapвљЎ (1-Enc, A) вћЎ Place glowing rune; trigger causes MagicвњЁ Atk for d6 Dmgрџ’Ґ",Power,Class,Weird Powers,DB,1-Enc,A,Rune Trap,Place glowing rune; trigger causes MagicвњЁ Atk for d6 Dmgрџ’Ґ
,"Weird Powers - Spirit WhisperвљЎ (1-Enc, A) вћЎ Hearnearby spirits; MagicвњЁ communion",Power,Class,Weird Powers,DB,1-Enc,A,Spirit Whisper,Hearnearby spirits; MagicвњЁ communion
,"Weird Powers - Stoneform SkinвљЎ (1-Rnd, P) вћЎ ARрџ§Ґ+1 for Encounter",Power,Class,Weird Powers,DB,1-Rnd,P,Stoneform Skin,ARрџ§Ґ+1 for Encounter
,"Weird Powers - Time FlickerвљЎ (1-Day, P) вћЎ Make any 1 roll this round at 2H both at -1",Power,Class,Weird Powers,DB,1-Day,P,Time Flicker,Make any 1 roll this round at 2H both at -1
,"Weird Powers - Water BreathingвљЎ (1-Rnd, P) вћЎ Breathe underwater; no roll, for 1 rnd",Power,Class,Weird Powers,DB,1-Rnd,P,Water Breathing,"Breathe underwater; no roll, for 1 rnd"
,"Weird Powers - Weather SenseвљЎ (1-Day, A) вћЎ Predict weather for 1 day; no roll",Power,Class,Weird Powers,DB,1-Day,A,Weather Sense,Predict weather for 1 day; no roll